{
  "changepoint_prior_scale": 0.01827431690069702,
  "holidays_prior_scale": 2.8607477224152587,
  "seasonality_mode": "multiplicative",
  "seasonality_prior_scale": 3.470925483515408
}