{
  "changepoint_prior_scale": 0.002209754587910135,
  "holidays_prior_scale": 1.2366116968868948,
  "seasonality_mode": "additive",
  "seasonality_prior_scale": 12.723849298553741
}