{
  "changepoint_prior_scale": 0.006140139805409891,
  "holidays_prior_scale": 3.4730019602816586,
  "seasonality_mode": "additive",
  "seasonality_prior_scale": 1.2307912755248402
}