{
  "changepoint_prior_scale": 0.0076661129025172746,
  "holidays_prior_scale": 3.831221079851839,
  "seasonality_mode": "additive",
  "seasonality_prior_scale": 31.924898389600852
}