{
  "changepoint_prior_scale": 0.003023085300445042,
  "holidays_prior_scale": 4.318489200997943,
  "seasonality_mode": "additive",
  "seasonality_prior_scale": 2.024717763411411
}