{
  "changepoint_prior_scale": 0.0436557137511064,
  "holidays_prior_scale": 11.016605092528478,
  "seasonality_mode": "multiplicative",
  "seasonality_prior_scale": 1.2716624142249466
}