{
  "changepoint_prior_scale": 0.412894055641551,
  "holidays_prior_scale": 21.570875901295057,
  "seasonality_mode": "multiplicative",
  "seasonality_prior_scale": 1.4737762081247103
}