{
  "changepoint_prior_scale": 0.04103490673358074,
  "holidays_prior_scale": 3.3851365472167885,
  "seasonality_mode": "multiplicative",
  "seasonality_prior_scale": 21.721313973275354
}