{
  "changepoint_prior_scale": 0.010262811239021327,
  "holidays_prior_scale": 18.62946671928674,
  "seasonality_mode": "multiplicative",
  "seasonality_prior_scale": 3.728139853480185
}