{
  "changepoint_prior_scale": 0.008552127494415859,
  "holidays_prior_scale": 4.746980165003666,
  "seasonality_mode": "additive",
  "seasonality_prior_scale": 5.8495321543682035
}