{
  "changepoint_prior_scale": 0.0013726516066260566,
  "holidays_prior_scale": 1.1669462837240323,
  "seasonality_mode": "multiplicative",
  "seasonality_prior_scale": 14.826602901315676
}