{
  "changepoint_prior_scale": 0.015422699738454065,
  "holidays_prior_scale": 6.864095527781567,
  "seasonality_mode": "multiplicative",
  "seasonality_prior_scale": 4.113008957661996
}