{
  "changepoint_prior_scale": 0.06067973743787447,
  "holidays_prior_scale": 1.1615603771402219,
  "seasonality_mode": "multiplicative",
  "seasonality_prior_scale": 48.78912685155536
}