{
  "changepoint_prior_scale": 0.01243458426573909,
  "holidays_prior_scale": 2.3005109336591345,
  "seasonality_mode": "multiplicative",
  "seasonality_prior_scale": 3.3549428966911994
}