{
  "changepoint_prior_scale": 0.01522521524297393,
  "holidays_prior_scale": 6.984139822553806,
  "seasonality_mode": "multiplicative",
  "seasonality_prior_scale": 4.275402539560513
}