{
  "changepoint_prior_scale": 0.0050794490777871,
  "holidays_prior_scale": 23.988373935135137,
  "seasonality_mode": "additive",
  "seasonality_prior_scale": 3.4550796347790307
}