{
  "changepoint_prior_scale": 0.007955788288188909,
  "holidays_prior_scale": 3.7692379257000224,
  "seasonality_mode": "multiplicative",
  "seasonality_prior_scale": 2.8879015458246844
}