{
  "changepoint_prior_scale": 0.008460708010714276,
  "holidays_prior_scale": 17.2985590300008,
  "seasonality_mode": "additive",
  "seasonality_prior_scale": 3.340619332060799
}