{
  "changepoint_prior_scale": 0.004101845649298684,
  "holidays_prior_scale": 1.8903325054983346,
  "seasonality_mode": "multiplicative",
  "seasonality_prior_scale": 3.7314336851956473
}