{
  "changepoint_prior_scale": 0.004550654305754451,
  "holidays_prior_scale": 5.45339726283143,
  "seasonality_mode": "multiplicative",
  "seasonality_prior_scale": 42.01051187693666
}