{
  "changepoint_prior_scale": 0.005348487065463175,
  "holidays_prior_scale": 1.5356591908174648,
  "seasonality_mode": "multiplicative",
  "seasonality_prior_scale": 1.992058799846911
}