{
  "changepoint_prior_scale": 0.056088582665993085,
  "holidays_prior_scale": 1.3826275097165035,
  "seasonality_mode": "additive",
  "seasonality_prior_scale": 1.9845922244314607
}