{
  "changepoint_prior_scale": 0.01269596681106943,
  "holidays_prior_scale": 1.3199064021125018,
  "seasonality_mode": "multiplicative",
  "seasonality_prior_scale": 3.338562014131142
}