{
  "changepoint_prior_scale": 0.18833323149025713,
  "holidays_prior_scale": 3.269300376264329,
  "seasonality_mode": "multiplicative",
  "seasonality_prior_scale": 6.5913321997515215
}