{
  "changepoint_prior_scale": 0.011866151702669192,
  "holidays_prior_scale": 1.0595766050619684,
  "seasonality_mode": "multiplicative",
  "seasonality_prior_scale": 4.1397399434261075
}