{
  "changepoint_prior_scale": 0.013665000855311768,
  "holidays_prior_scale": 1.3913630663102772,
  "seasonality_mode": "multiplicative",
  "seasonality_prior_scale": 3.8203748033202007
}