{
  "changepoint_prior_scale": 0.038605373280135594,
  "holidays_prior_scale": 35.391038225976985,
  "seasonality_mode": "multiplicative",
  "seasonality_prior_scale": 2.149292288601172
}