{
  "changepoint_prior_scale": 0.04466125568195668,
  "holidays_prior_scale": 5.061617320014696,
  "seasonality_mode": "additive",
  "seasonality_prior_scale": 21.56716520093252
}