{
  "changepoint_prior_scale": 0.007709429947200329,
  "holidays_prior_scale": 1.0061240070034065,
  "seasonality_mode": "additive",
  "seasonality_prior_scale": 2.236166383235397
}