{
  "changepoint_prior_scale": 0.01014298169146052,
  "holidays_prior_scale": 1.2004727425126314,
  "seasonality_mode": "multiplicative",
  "seasonality_prior_scale": 1.5791118339825325
}