{
  "changepoint_prior_scale": 0.0018387157995341393,
  "holidays_prior_scale": 9.986546912057749,
  "seasonality_mode": "additive",
  "seasonality_prior_scale": 30.192311251341255
}