{
  "changepoint_prior_scale": 0.02605621187478985,
  "holidays_prior_scale": 5.455804144349391,
  "seasonality_mode": "additive",
  "seasonality_prior_scale": 19.80681309866019
}