{
  "changepoint_prior_scale": 0.49225130961559266,
  "holidays_prior_scale": 2.35531953589818,
  "seasonality_mode": "additive",
  "seasonality_prior_scale": 1.706808266613938
}