{
  "changepoint_prior_scale": 0.01617012815608206,
  "holidays_prior_scale": 1.4501516243030486,
  "seasonality_mode": "additive",
  "seasonality_prior_scale": 2.8156636778581428
}