{
  "changepoint_prior_scale": 0.013485874255560738,
  "holidays_prior_scale": 1.2774723861564132,
  "seasonality_mode": "additive",
  "seasonality_prior_scale": 2.9288460852237397
}