{
  "changepoint_prior_scale": 0.013439218786752754,
  "holidays_prior_scale": 1.8544644738159395,
  "seasonality_mode": "multiplicative",
  "seasonality_prior_scale": 2.5311589134233397
}