{
  "changepoint_prior_scale": 0.016158037724576423,
  "holidays_prior_scale": 2.2590528858717924,
  "seasonality_mode": "multiplicative",
  "seasonality_prior_scale": 2.837656233419943
}