{
  "changepoint_prior_scale": 0.019165569081752973,
  "holidays_prior_scale": 2.506117563395163,
  "seasonality_mode": "additive",
  "seasonality_prior_scale": 29.79111483126926
}