{
  "changepoint_prior_scale": 0.05249170825998436,
  "holidays_prior_scale": 1.6698373679458398,
  "seasonality_mode": "multiplicative",
  "seasonality_prior_scale": 9.404223289974619
}