{
  "changepoint_prior_scale": 0.14862102171965247,
  "holidays_prior_scale": 2.7730311840554305,
  "seasonality_mode": "multiplicative",
  "seasonality_prior_scale": 15.505601274116835
}