{
  "changepoint_prior_scale": 0.019657802872471028,
  "holidays_prior_scale": 10.514123397840178,
  "seasonality_mode": "multiplicative",
  "seasonality_prior_scale": 43.11293251571459
}