{
  "changepoint_prior_scale": 0.002344959468404479,
  "holidays_prior_scale": 2.4525325866714245,
  "seasonality_mode": "additive",
  "seasonality_prior_scale": 3.373527235702318
}