{
  "changepoint_prior_scale": 0.02392634472659642,
  "holidays_prior_scale": 3.842098931149573,
  "seasonality_mode": "multiplicative",
  "seasonality_prior_scale": 6.4529720321134105
}