{
  "changepoint_prior_scale": 0.021411906754803714,
  "holidays_prior_scale": 2.0052247240462493,
  "seasonality_mode": "additive",
  "seasonality_prior_scale": 2.273590041882729
}