{
  "changepoint_prior_scale": 0.0034516534961916276,
  "holidays_prior_scale": 1.3041376429088194,
  "seasonality_mode": "multiplicative",
  "seasonality_prior_scale": 4.286938407979041
}