{
  "changepoint_prior_scale": 0.029766527987413346,
  "holidays_prior_scale": 1.0089345737689217,
  "seasonality_mode": "additive",
  "seasonality_prior_scale": 32.75421499699822
}