{
  "changepoint_prior_scale": 0.011590212583062216,
  "holidays_prior_scale": 1.4702471740557042,
  "seasonality_mode": "multiplicative",
  "seasonality_prior_scale": 2.866421678068102
}