{
  "changepoint_prior_scale": 0.12682847436021574,
  "holidays_prior_scale": 37.98209222995057,
  "seasonality_mode": "additive",
  "seasonality_prior_scale": 1.4421395112541313
}