{
  "changepoint_prior_scale": 0.021996476832918232,
  "holidays_prior_scale": 1.5162928365190877,
  "seasonality_mode": "multiplicative",
  "seasonality_prior_scale": 44.193643281102986
}