{
  "changepoint_prior_scale": 0.007944681729602355,
  "holidays_prior_scale": 1.009956643614747,
  "seasonality_mode": "multiplicative",
  "seasonality_prior_scale": 1.538502538601911
}