{
  "changepoint_prior_scale": 0.06608628026188992,
  "holidays_prior_scale": 8.869157945912383,
  "seasonality_mode": "multiplicative",
  "seasonality_prior_scale": 2.3030302060410826
}