{
  "changepoint_prior_scale": 0.09423249511928386,
  "holidays_prior_scale": 49.9625776342787,
  "seasonality_mode": "additive",
  "seasonality_prior_scale": 2.494260896399001
}