{
  "changepoint_prior_scale": 0.48428950993663195,
  "holidays_prior_scale": 16.55706565497199,
  "seasonality_mode": "multiplicative",
  "seasonality_prior_scale": 12.606036996797975
}