{
  "changepoint_prior_scale": 0.2555682662893906,
  "holidays_prior_scale": 6.575819090917187,
  "seasonality_mode": "multiplicative",
  "seasonality_prior_scale": 12.62903505849897
}