{
  "changepoint_prior_scale": 0.011260906125049121,
  "holidays_prior_scale": 1.4333087968604186,
  "seasonality_mode": "multiplicative",
  "seasonality_prior_scale": 6.422673700858276
}