{
  "changepoint_prior_scale": 0.03481328821538586,
  "holidays_prior_scale": 2.3003484259309155,
  "seasonality_mode": "multiplicative",
  "seasonality_prior_scale": 1.855928483036911
}