{
  "changepoint_prior_scale": 0.007132350255135558,
  "holidays_prior_scale": 23.284068132470825,
  "seasonality_mode": "multiplicative",
  "seasonality_prior_scale": 3.3377149130066197
}