{
  "changepoint_prior_scale": 0.01184092201076476,
  "holidays_prior_scale": 2.318200108790212,
  "seasonality_mode": "multiplicative",
  "seasonality_prior_scale": 3.8908879405457544
}