{
  "changepoint_prior_scale": 0.0048215183046815616,
  "holidays_prior_scale": 1.4080490215370718,
  "seasonality_mode": "multiplicative",
  "seasonality_prior_scale": 1.075021779487568
}