{
  "changepoint_prior_scale": 0.43392577479437744,
  "holidays_prior_scale": 3.4145911142013783,
  "seasonality_mode": "multiplicative",
  "seasonality_prior_scale": 6.157584134775476
}