{
  "changepoint_prior_scale": 0.07031854532545752,
  "holidays_prior_scale": 8.440614859499881,
  "seasonality_mode": "multiplicative",
  "seasonality_prior_scale": 12.358367518691402
}