{
  "changepoint_prior_scale": 0.004420166198442165,
  "holidays_prior_scale": 47.61827867279094,
  "seasonality_mode": "multiplicative",
  "seasonality_prior_scale": 6.608117282166534
}