{
  "changepoint_prior_scale": 0.05994774813343662,
  "holidays_prior_scale": 4.603363855497688,
  "seasonality_mode": "multiplicative",
  "seasonality_prior_scale": 49.386782736788554
}