{
  "changepoint_prior_scale": 0.0023232018535355205,
  "holidays_prior_scale": 2.6385186634287012,
  "seasonality_mode": "multiplicative",
  "seasonality_prior_scale": 5.858756071246459
}