{
  "changepoint_prior_scale": 0.007998152532933726,
  "holidays_prior_scale": 2.2055252850383367,
  "seasonality_mode": "multiplicative",
  "seasonality_prior_scale": 2.890886333216814
}