{
  "changepoint_prior_scale": 0.013548750477180092,
  "holidays_prior_scale": 8.160192999709087,
  "seasonality_mode": "multiplicative",
  "seasonality_prior_scale": 29.173989272946525
}