{
  "changepoint_prior_scale": 0.01594107422966287,
  "holidays_prior_scale": 1.4023740063415384,
  "seasonality_mode": "additive",
  "seasonality_prior_scale": 35.66954569920906
}