{
  "changepoint_prior_scale": 0.10500574648076147,
  "holidays_prior_scale": 41.903552346254536,
  "seasonality_mode": "additive",
  "seasonality_prior_scale": 7.630138490847853
}