{
  "changepoint_prior_scale": 0.0836185878085783,
  "holidays_prior_scale": 4.728025283898824,
  "seasonality_mode": "multiplicative",
  "seasonality_prior_scale": 14.311183635808897
}