{
  "changepoint_prior_scale": 0.00694414988255977,
  "holidays_prior_scale": 28.31336083440635,
  "seasonality_mode": "multiplicative",
  "seasonality_prior_scale": 1.9782270427331934
}