{
  "changepoint_prior_scale": 0.005971043457309128,
  "holidays_prior_scale": 1.4696812156182346,
  "seasonality_mode": "multiplicative",
  "seasonality_prior_scale": 10.525232753722976
}