{
  "changepoint_prior_scale": 0.014585381652947073,
  "holidays_prior_scale": 2.1755004791872308,
  "seasonality_mode": "additive",
  "seasonality_prior_scale": 41.54709225651493
}