{
  "changepoint_prior_scale": 0.10020104268770197,
  "holidays_prior_scale": 2.777983765166684,
  "seasonality_mode": "additive",
  "seasonality_prior_scale": 5.7655925033532975
}