{
  "changepoint_prior_scale": 0.019450642176984282,
  "holidays_prior_scale": 4.286004740808766,
  "seasonality_mode": "multiplicative",
  "seasonality_prior_scale": 2.332196114005674
}