{
  "changepoint_prior_scale": 0.3989282693902573,
  "holidays_prior_scale": 26.400209802182786,
  "seasonality_mode": "multiplicative",
  "seasonality_prior_scale": 10.596506531326714
}