{
  "changepoint_prior_scale": 0.0050676132042540845,
  "holidays_prior_scale": 1.0651765417829993,
  "seasonality_mode": "multiplicative",
  "seasonality_prior_scale": 2.313759858777356
}