{
  "changepoint_prior_scale": 0.0103876834374247,
  "holidays_prior_scale": 2.022695603993272,
  "seasonality_mode": "multiplicative",
  "seasonality_prior_scale": 3.462044336569441
}