{
  "changepoint_prior_scale": 0.008735559272558324,
  "holidays_prior_scale": 1.3376714984758402,
  "seasonality_mode": "multiplicative",
  "seasonality_prior_scale": 2.954265193046485
}