{
  "changepoint_prior_scale": 0.01152204527913169,
  "holidays_prior_scale": 1.3765598432040305,
  "seasonality_mode": "multiplicative",
  "seasonality_prior_scale": 1.880481490346901
}