{
  "changepoint_prior_scale": 0.01805312187167631,
  "holidays_prior_scale": 4.928994333698502,
  "seasonality_mode": "multiplicative",
  "seasonality_prior_scale": 1.195146989000799
}