{
  "changepoint_prior_scale": 0.009427365354324119,
  "holidays_prior_scale": 1.056675135506232,
  "seasonality_mode": "multiplicative",
  "seasonality_prior_scale": 4.035304748279685
}