{
  "changepoint_prior_scale": 0.02521393336812096,
  "holidays_prior_scale": 10.32010607266573,
  "seasonality_mode": "additive",
  "seasonality_prior_scale": 2.511776997095568
}