{
  "changepoint_prior_scale": 0.07347333382606433,
  "holidays_prior_scale": 44.53342665133231,
  "seasonality_mode": "additive",
  "seasonality_prior_scale": 2.653108413658387
}