{
  "changepoint_prior_scale": 0.11300814206204512,
  "holidays_prior_scale": 3.7198871010480885,
  "seasonality_mode": "multiplicative",
  "seasonality_prior_scale": 3.7795804386368093
}