{
  "changepoint_prior_scale": 0.014046018296615429,
  "holidays_prior_scale": 1.201307274187084,
  "seasonality_mode": "multiplicative",
  "seasonality_prior_scale": 2.1425823391478844
}