{
  "changepoint_prior_scale": 0.0012498848567592338,
  "holidays_prior_scale": 2.416977123514697,
  "seasonality_mode": "multiplicative",
  "seasonality_prior_scale": 11.08823897133928
}