{
  "changepoint_prior_scale": 0.006930297265472459,
  "holidays_prior_scale": 1.4346364527443736,
  "seasonality_mode": "multiplicative",
  "seasonality_prior_scale": 43.42153450019808
}