{
  "changepoint_prior_scale": 0.00873381401126706,
  "holidays_prior_scale": 49.97986537005708,
  "seasonality_mode": "additive",
  "seasonality_prior_scale": 20.42330547715092
}