{
  "changepoint_prior_scale": 0.04456750185744785,
  "holidays_prior_scale": 2.603030114218149,
  "seasonality_mode": "multiplicative",
  "seasonality_prior_scale": 23.878292486556013
}