{
  "changepoint_prior_scale": 0.0036212025177552384,
  "holidays_prior_scale": 17.62985864994651,
  "seasonality_mode": "multiplicative",
  "seasonality_prior_scale": 42.34273761035985
}