{
  "changepoint_prior_scale": 0.007162645102102983,
  "holidays_prior_scale": 18.116677907137223,
  "seasonality_mode": "multiplicative",
  "seasonality_prior_scale": 3.225014757011055
}