{
  "changepoint_prior_scale": 0.006941682966562536,
  "holidays_prior_scale": 33.46137290589884,
  "seasonality_mode": "multiplicative",
  "seasonality_prior_scale": 8.819208432556305
}