{
  "changepoint_prior_scale": 0.017189213574247398,
  "holidays_prior_scale": 2.9872014433748384,
  "seasonality_mode": "multiplicative",
  "seasonality_prior_scale": 2.1173889333304894
}