{
  "changepoint_prior_scale": 0.020745504376338535,
  "holidays_prior_scale": 8.562929328221776,
  "seasonality_mode": "multiplicative",
  "seasonality_prior_scale": 4.2478304131046105
}