{
  "changepoint_prior_scale": 0.03364692052662603,
  "holidays_prior_scale": 3.9502562008849833,
  "seasonality_mode": "additive",
  "seasonality_prior_scale": 1.5269129818930678
}