{
  "changepoint_prior_scale": 0.16359728899297868,
  "holidays_prior_scale": 5.519194967663167,
  "seasonality_mode": "additive",
  "seasonality_prior_scale": 1.331646636348959
}