{
  "changepoint_prior_scale": 0.028597191735035426,
  "holidays_prior_scale": 43.91912991044382,
  "seasonality_mode": "multiplicative",
  "seasonality_prior_scale": 31.24858169032072
}