{
  "changepoint_prior_scale": 0.008897424872769963,
  "holidays_prior_scale": 1.9473184549011795,
  "seasonality_mode": "multiplicative",
  "seasonality_prior_scale": 1.9289660565533828
}