{
  "changepoint_prior_scale": 0.0044391200493647965,
  "holidays_prior_scale": 1.904856556024704,
  "seasonality_mode": "additive",
  "seasonality_prior_scale": 8.896971384512732
}