{
  "changepoint_prior_scale": 0.005482851019705699,
  "holidays_prior_scale": 1.3006824888081434,
  "seasonality_mode": "multiplicative",
  "seasonality_prior_scale": 1.550654279424994
}