{
  "changepoint_prior_scale": 0.040289689479950264,
  "holidays_prior_scale": 1.7274800910694252,
  "seasonality_mode": "multiplicative",
  "seasonality_prior_scale": 1.6315613376877187
}