{
  "changepoint_prior_scale": 0.10244937574350495,
  "holidays_prior_scale": 11.522209806454415,
  "seasonality_mode": "multiplicative",
  "seasonality_prior_scale": 17.10482218488018
}