{
  "changepoint_prior_scale": 0.009633410492577816,
  "holidays_prior_scale": 2.3118542803634767,
  "seasonality_mode": "multiplicative",
  "seasonality_prior_scale": 3.718422995270772
}