{
  "changepoint_prior_scale": 0.010036808687212658,
  "holidays_prior_scale": 2.711122298195361,
  "seasonality_mode": "multiplicative",
  "seasonality_prior_scale": 3.915899438277414
}