{
  "changepoint_prior_scale": 0.019058409869155735,
  "holidays_prior_scale": 9.088882977516585,
  "seasonality_mode": "multiplicative",
  "seasonality_prior_scale": 3.2210609868066338
}