{
  "changepoint_prior_scale": 0.012795902273744858,
  "holidays_prior_scale": 1.5855883097340697,
  "seasonality_mode": "multiplicative",
  "seasonality_prior_scale": 3.5819031721456716
}