{
  "changepoint_prior_scale": 0.0399241536284817,
  "holidays_prior_scale": 4.887869575927535,
  "seasonality_mode": "multiplicative",
  "seasonality_prior_scale": 17.135997186830078
}