{
  "changepoint_prior_scale": 0.003103563526343059,
  "holidays_prior_scale": 23.05059410873552,
  "seasonality_mode": "additive",
  "seasonality_prior_scale": 1.9362046605869436
}