{
  "changepoint_prior_scale": 0.005639670038060916,
  "holidays_prior_scale": 17.67252119842387,
  "seasonality_mode": "multiplicative",
  "seasonality_prior_scale": 7.121418800034374
}