{
  "changepoint_prior_scale": 0.008317263105155473,
  "holidays_prior_scale": 1.1041705812874925,
  "seasonality_mode": "multiplicative",
  "seasonality_prior_scale": 16.546127796439286
}