{
  "changepoint_prior_scale": 0.0015017724857239502,
  "holidays_prior_scale": 36.81059616570889,
  "seasonality_mode": "additive",
  "seasonality_prior_scale": 22.059883461336096
}