{
  "changepoint_prior_scale": 0.0036717193249460153,
  "holidays_prior_scale": 2.142409921332026,
  "seasonality_mode": "multiplicative",
  "seasonality_prior_scale": 15.698419282484013
}