{
  "changepoint_prior_scale": 0.035921489972158285,
  "holidays_prior_scale": 3.3673164919676855,
  "seasonality_mode": "additive",
  "seasonality_prior_scale": 2.358165100300345
}