{
  "changepoint_prior_scale": 0.007741535055074083,
  "holidays_prior_scale": 4.22100959743736,
  "seasonality_mode": "additive",
  "seasonality_prior_scale": 48.236590266005216
}