{
  "changepoint_prior_scale": 0.015095080297117272,
  "holidays_prior_scale": 2.391134015786456,
  "seasonality_mode": "multiplicative",
  "seasonality_prior_scale": 3.9544623795487928
}