{
  "changepoint_prior_scale": 0.005068871680766305,
  "holidays_prior_scale": 1.3898190072711032,
  "seasonality_mode": "multiplicative",
  "seasonality_prior_scale": 36.669057494112934
}