{
  "changepoint_prior_scale": 0.19728079703834422,
  "holidays_prior_scale": 2.5688367998513,
  "seasonality_mode": "multiplicative",
  "seasonality_prior_scale": 4.4753015709810855
}