{
  "changepoint_prior_scale": 0.003956063084813735,
  "holidays_prior_scale": 6.001543204005119,
  "seasonality_mode": "multiplicative",
  "seasonality_prior_scale": 24.582876823974505
}