{
  "changepoint_prior_scale": 0.006157078906539998,
  "holidays_prior_scale": 19.032860184599397,
  "seasonality_mode": "multiplicative",
  "seasonality_prior_scale": 3.4605895158080053
}