{
  "changepoint_prior_scale": 0.02294759332636157,
  "holidays_prior_scale": 1.8367996264990942,
  "seasonality_mode": "multiplicative",
  "seasonality_prior_scale": 7.857776449381293
}