{
  "changepoint_prior_scale": 0.010663616258495684,
  "holidays_prior_scale": 38.90084078726322,
  "seasonality_mode": "additive",
  "seasonality_prior_scale": 1.2475453438746498
}