{
  "changepoint_prior_scale": 0.001133365581203625,
  "holidays_prior_scale": 1.9479757164087017,
  "seasonality_mode": "multiplicative",
  "seasonality_prior_scale": 3.4406838817807324
}