{
  "changepoint_prior_scale": 0.03237291087731501,
  "holidays_prior_scale": 3.069838489029695,
  "seasonality_mode": "additive",
  "seasonality_prior_scale": 26.808310789349093
}