{
  "changepoint_prior_scale": 0.12561141793833733,
  "holidays_prior_scale": 3.6941584060105663,
  "seasonality_mode": "multiplicative",
  "seasonality_prior_scale": 40.60422388424233
}