{
  "changepoint_prior_scale": 0.0010142063944712492,
  "holidays_prior_scale": 48.79965775313386,
  "seasonality_mode": "additive",
  "seasonality_prior_scale": 1.9289320547215096
}