{
  "changepoint_prior_scale": 0.01754938670144076,
  "holidays_prior_scale": 2.4672477015823344,
  "seasonality_mode": "multiplicative",
  "seasonality_prior_scale": 10.328200433071656
}