{
  "changepoint_prior_scale": 0.006376321069816676,
  "holidays_prior_scale": 41.66312144216553,
  "seasonality_mode": "multiplicative",
  "seasonality_prior_scale": 13.902667532670492
}