{
  "changepoint_prior_scale": 0.014688870533913068,
  "holidays_prior_scale": 5.981062145780938,
  "seasonality_mode": "multiplicative",
  "seasonality_prior_scale": 2.361111631210204
}