{
  "changepoint_prior_scale": 0.1680474007948121,
  "holidays_prior_scale": 2.096501934445296,
  "seasonality_mode": "multiplicative",
  "seasonality_prior_scale": 47.01489552964534
}