{
  "changepoint_prior_scale": 0.301097197944787,
  "holidays_prior_scale": 3.946375475156791,
  "seasonality_mode": "additive",
  "seasonality_prior_scale": 2.047233725326858
}