{
  "changepoint_prior_scale": 0.009640207723667103,
  "holidays_prior_scale": 4.602613677887808,
  "seasonality_mode": "additive",
  "seasonality_prior_scale": 38.82596260315131
}