{
  "changepoint_prior_scale": 0.2651967199778706,
  "holidays_prior_scale": 2.881613041886107,
  "seasonality_mode": "additive",
  "seasonality_prior_scale": 22.940505435244997
}