{
  "changepoint_prior_scale": 0.18856091298167377,
  "holidays_prior_scale": 4.9887133871867135,
  "seasonality_mode": "multiplicative",
  "seasonality_prior_scale": 12.826581808841206
}