{
  "changepoint_prior_scale": 0.011706029760667121,
  "holidays_prior_scale": 2.692152801787385,
  "seasonality_mode": "multiplicative",
  "seasonality_prior_scale": 2.8512893598613953
}