{
  "changepoint_prior_scale": 0.0476050116662096,
  "holidays_prior_scale": 32.30535381662449,
  "seasonality_mode": "additive",
  "seasonality_prior_scale": 5.869279845653335
}