{
  "changepoint_prior_scale": 0.00741856810245732,
  "holidays_prior_scale": 3.584639258810004,
  "seasonality_mode": "multiplicative",
  "seasonality_prior_scale": 16.75503885694191
}