{
  "changepoint_prior_scale": 0.42671974456793504,
  "holidays_prior_scale": 3.5529654031847095,
  "seasonality_mode": "multiplicative",
  "seasonality_prior_scale": 45.54240465311223
}