{
  "changepoint_prior_scale": 0.001988541420213253,
  "holidays_prior_scale": 1.1303816390001993,
  "seasonality_mode": "multiplicative",
  "seasonality_prior_scale": 1.287350845949766
}