{
  "changepoint_prior_scale": 0.011359730613976656,
  "holidays_prior_scale": 1.7797383157451587,
  "seasonality_mode": "additive",
  "seasonality_prior_scale": 22.697688979653577
}