{
  "changepoint_prior_scale": 0.00810734364014734,
  "holidays_prior_scale": 1.8327012244436287,
  "seasonality_mode": "additive",
  "seasonality_prior_scale": 2.6119327603430573
}