{
  "changepoint_prior_scale": 0.007985352524656724,
  "holidays_prior_scale": 2.030002918439973,
  "seasonality_mode": "additive",
  "seasonality_prior_scale": 3.8297874200677775
}