{
  "changepoint_prior_scale": 0.007495914435126851,
  "holidays_prior_scale": 25.77225478323594,
  "seasonality_mode": "multiplicative",
  "seasonality_prior_scale": 1.7391994659125414
}