{
  "changepoint_prior_scale": 0.17292845535653203,
  "holidays_prior_scale": 1.5350313902961799,
  "seasonality_mode": "multiplicative",
  "seasonality_prior_scale": 17.778366507374663
}