{
  "changepoint_prior_scale": 0.18955620178816251,
  "holidays_prior_scale": 1.0570800757326768,
  "seasonality_mode": "multiplicative",
  "seasonality_prior_scale": 23.16348283917296
}