{
  "changepoint_prior_scale": 0.009146928933139665,
  "holidays_prior_scale": 6.2428961539056855,
  "seasonality_mode": "multiplicative",
  "seasonality_prior_scale": 1.2349794074152995
}