{
  "changepoint_prior_scale": 0.39269432038506147,
  "holidays_prior_scale": 4.818366479007874,
  "seasonality_mode": "multiplicative",
  "seasonality_prior_scale": 15.503919284257705
}