{
  "changepoint_prior_scale": 0.27271249303822914,
  "holidays_prior_scale": 1.527989546281369,
  "seasonality_mode": "multiplicative",
  "seasonality_prior_scale": 44.663249488474676
}