{
  "changepoint_prior_scale": 0.0636040705374475,
  "holidays_prior_scale": 10.571489588125973,
  "seasonality_mode": "multiplicative",
  "seasonality_prior_scale": 43.37246617982384
}