{
  "changepoint_prior_scale": 0.0587645995639909,
  "holidays_prior_scale": 2.6964991837713455,
  "seasonality_mode": "multiplicative",
  "seasonality_prior_scale": 9.542713062887056
}