{
  "changepoint_prior_scale": 0.0014616059444279785,
  "holidays_prior_scale": 29.103322508318644,
  "seasonality_mode": "multiplicative",
  "seasonality_prior_scale": 35.51291298567316
}