{
  "changepoint_prior_scale": 0.004802035518309276,
  "holidays_prior_scale": 1.0243547378593945,
  "seasonality_mode": "additive",
  "seasonality_prior_scale": 2.733289140810368
}