{
  "changepoint_prior_scale": 0.008800513067557646,
  "holidays_prior_scale": 13.548169940086284,
  "seasonality_mode": "additive",
  "seasonality_prior_scale": 1.427865055479146
}