{
  "changepoint_prior_scale": 0.00814290714028118,
  "holidays_prior_scale": 45.3879715758518,
  "seasonality_mode": "additive",
  "seasonality_prior_scale": 5.1420445752019255
}