{
  "changepoint_prior_scale": 0.3659621055099892,
  "holidays_prior_scale": 24.061616019476084,
  "seasonality_mode": "multiplicative",
  "seasonality_prior_scale": 28.257017160274923
}