{
  "changepoint_prior_scale": 0.001824953407460237,
  "holidays_prior_scale": 4.4794368634246045,
  "seasonality_mode": "multiplicative",
  "seasonality_prior_scale": 27.094702616125243
}