{
  "changepoint_prior_scale": 0.007271043856202434,
  "holidays_prior_scale": 19.961136787111364,
  "seasonality_mode": "multiplicative",
  "seasonality_prior_scale": 48.985338745791196
}