{
  "changepoint_prior_scale": 0.017589200041440992,
  "holidays_prior_scale": 3.90552572161068,
  "seasonality_mode": "multiplicative",
  "seasonality_prior_scale": 39.54189994320163
}