{
  "changepoint_prior_scale": 0.021288314103445942,
  "holidays_prior_scale": 23.90278872456744,
  "seasonality_mode": "multiplicative",
  "seasonality_prior_scale": 13.140308092788441
}