{
  "changepoint_prior_scale": 0.009627170533306561,
  "holidays_prior_scale": 1.3245273589604531,
  "seasonality_mode": "multiplicative",
  "seasonality_prior_scale": 1.6670998769995133
}