{
  "changepoint_prior_scale": 0.0745772613015717,
  "holidays_prior_scale": 9.025443767105093,
  "seasonality_mode": "additive",
  "seasonality_prior_scale": 8.91033214611911
}