{
  "changepoint_prior_scale": 0.004743600899884652,
  "holidays_prior_scale": 1.7896596011381163,
  "seasonality_mode": "additive",
  "seasonality_prior_scale": 3.137479012515863
}