{
  "changepoint_prior_scale": 0.01591743559600093,
  "holidays_prior_scale": 2.2782077762672714,
  "seasonality_mode": "multiplicative",
  "seasonality_prior_scale": 2.6531035107725094
}