{
  "changepoint_prior_scale": 0.007017764949414646,
  "holidays_prior_scale": 37.55249854208018,
  "seasonality_mode": "multiplicative",
  "seasonality_prior_scale": 19.925007400210177
}