{
  "changepoint_prior_scale": 0.005879138874234657,
  "holidays_prior_scale": 1.8086246472603627,
  "seasonality_mode": "multiplicative",
  "seasonality_prior_scale": 11.413360463794886
}