{
  "changepoint_prior_scale": 0.012920430501896634,
  "holidays_prior_scale": 2.8624874569846597,
  "seasonality_mode": "multiplicative",
  "seasonality_prior_scale": 3.111344199370376
}