{
  "changepoint_prior_scale": 0.18880827265968575,
  "holidays_prior_scale": 1.5337213869539803,
  "seasonality_mode": "multiplicative",
  "seasonality_prior_scale": 30.32137249429735
}