{
  "changepoint_prior_scale": 0.013263247823277119,
  "holidays_prior_scale": 1.6569796009023119,
  "seasonality_mode": "multiplicative",
  "seasonality_prior_scale": 2.6464364981598028
}