{
  "changepoint_prior_scale": 0.017583998421470355,
  "holidays_prior_scale": 1.0632248025932902,
  "seasonality_mode": "multiplicative",
  "seasonality_prior_scale": 23.196402026422707
}