{
  "changepoint_prior_scale": 0.07566888804203636,
  "holidays_prior_scale": 14.766795344039538,
  "seasonality_mode": "multiplicative",
  "seasonality_prior_scale": 7.412598356347987
}