{
  "changepoint_prior_scale": 0.010594758877631127,
  "holidays_prior_scale": 2.1798345766509692,
  "seasonality_mode": "additive",
  "seasonality_prior_scale": 15.987290662778545
}