{
  "changepoint_prior_scale": 0.007315109571147051,
  "holidays_prior_scale": 1.4770645567061127,
  "seasonality_mode": "additive",
  "seasonality_prior_scale": 28.852423922074518
}