{
  "changepoint_prior_scale": 0.006855034757435055,
  "holidays_prior_scale": 1.2668286000846243,
  "seasonality_mode": "multiplicative",
  "seasonality_prior_scale": 4.732685321816059
}