{
  "changepoint_prior_scale": 0.009879407587593855,
  "holidays_prior_scale": 1.0040594748211544,
  "seasonality_mode": "multiplicative",
  "seasonality_prior_scale": 1.6949525670914969
}