{
  "changepoint_prior_scale": 0.01487144305376648,
  "holidays_prior_scale": 1.47621064772142,
  "seasonality_mode": "multiplicative",
  "seasonality_prior_scale": 2.4762441133458863
}