{
  "changepoint_prior_scale": 0.168112496333844,
  "holidays_prior_scale": 8.986136581191706,
  "seasonality_mode": "multiplicative",
  "seasonality_prior_scale": 14.399176219888695
}