{
  "changepoint_prior_scale": 0.0374220650781239,
  "holidays_prior_scale": 1.100631991915724,
  "seasonality_mode": "multiplicative",
  "seasonality_prior_scale": 43.98555126784378
}