{
  "changepoint_prior_scale": 0.014080615653391127,
  "holidays_prior_scale": 1.4342665608652625,
  "seasonality_mode": "multiplicative",
  "seasonality_prior_scale": 13.23007213098809
}