{
  "changepoint_prior_scale": 0.011316183924558056,
  "holidays_prior_scale": 5.943458738004482,
  "seasonality_mode": "multiplicative",
  "seasonality_prior_scale": 3.832825250935559
}