{
  "changepoint_prior_scale": 0.1361778779555152,
  "holidays_prior_scale": 30.984431749293233,
  "seasonality_mode": "additive",
  "seasonality_prior_scale": 45.380896039773965
}