{
  "changepoint_prior_scale": 0.006879935382166755,
  "holidays_prior_scale": 1.0145605248430045,
  "seasonality_mode": "additive",
  "seasonality_prior_scale": 20.785656130861554
}