{
  "changepoint_prior_scale": 0.41927864205221094,
  "holidays_prior_scale": 6.988994271641073,
  "seasonality_mode": "additive",
  "seasonality_prior_scale": 1.289664468706283
}