{
  "changepoint_prior_scale": 0.223238284005304,
  "holidays_prior_scale": 1.0846087587737543,
  "seasonality_mode": "multiplicative",
  "seasonality_prior_scale": 1.0972947527827521
}