{
  "changepoint_prior_scale": 0.034345036224900934,
  "holidays_prior_scale": 4.15153437568682,
  "seasonality_mode": "additive",
  "seasonality_prior_scale": 15.349658084852916
}