{
  "changepoint_prior_scale": 0.2212313947169109,
  "holidays_prior_scale": 2.2503623493218665,
  "seasonality_mode": "additive",
  "seasonality_prior_scale": 24.60575667738537
}