{
  "changepoint_prior_scale": 0.008465736243654463,
  "holidays_prior_scale": 1.4807212161063361,
  "seasonality_mode": "multiplicative",
  "seasonality_prior_scale": 4.218448484499402
}