{
  "changepoint_prior_scale": 0.03796288527098145,
  "holidays_prior_scale": 5.815441937672473,
  "seasonality_mode": "additive",
  "seasonality_prior_scale": 25.96432732177669
}