{
  "changepoint_prior_scale": 0.005634291943885082,
  "holidays_prior_scale": 15.395877197258065,
  "seasonality_mode": "additive",
  "seasonality_prior_scale": 13.840266807238454
}