{
  "changepoint_prior_scale": 0.014953406273387341,
  "holidays_prior_scale": 1.5947196712441543,
  "seasonality_mode": "additive",
  "seasonality_prior_scale": 41.527785527539585
}