{
  "changepoint_prior_scale": 0.0012579468632674293,
  "holidays_prior_scale": 2.270643415274162,
  "seasonality_mode": "additive",
  "seasonality_prior_scale": 18.82839004685978
}