{
  "changepoint_prior_scale": 0.011834494765033041,
  "holidays_prior_scale": 1.239674739977336,
  "seasonality_mode": "additive",
  "seasonality_prior_scale": 5.186914981894257
}