{
  "changepoint_prior_scale": 0.0058406964930824146,
  "holidays_prior_scale": 13.617629468232916,
  "seasonality_mode": "additive",
  "seasonality_prior_scale": 40.09950143643938
}