{
  "changepoint_prior_scale": 0.13623727206102218,
  "holidays_prior_scale": 1.9656005858651813,
  "seasonality_mode": "additive",
  "seasonality_prior_scale": 1.6684852789927416
}