{
  "changepoint_prior_scale": 0.09905626379294812,
  "holidays_prior_scale": 23.401879510805692,
  "seasonality_mode": "multiplicative",
  "seasonality_prior_scale": 14.344993435134432
}