{
  "changepoint_prior_scale": 0.009629951269158216,
  "holidays_prior_scale": 4.669338091890399,
  "seasonality_mode": "additive",
  "seasonality_prior_scale": 2.109987110780867
}