{
  "changepoint_prior_scale": 0.011664760444002286,
  "holidays_prior_scale": 1.0940209571776434,
  "seasonality_mode": "multiplicative",
  "seasonality_prior_scale": 3.712608102039543
}