{
  "changepoint_prior_scale": 0.00263125174880851,
  "holidays_prior_scale": 47.79687715578772,
  "seasonality_mode": "multiplicative",
  "seasonality_prior_scale": 20.324218022015877
}