{
  "changepoint_prior_scale": 0.006751005372825816,
  "holidays_prior_scale": 28.67272251062053,
  "seasonality_mode": "multiplicative",
  "seasonality_prior_scale": 5.876139655934261
}