{
  "changepoint_prior_scale": 0.01653522814780273,
  "holidays_prior_scale": 18.479715314344855,
  "seasonality_mode": "additive",
  "seasonality_prior_scale": 5.578182217065199
}