{
  "changepoint_prior_scale": 0.10793773066951524,
  "holidays_prior_scale": 1.1145010739919343,
  "seasonality_mode": "multiplicative",
  "seasonality_prior_scale": 3.2695894714194464
}