{
  "changepoint_prior_scale": 0.012006371384226876,
  "holidays_prior_scale": 2.6095950112923556,
  "seasonality_mode": "multiplicative",
  "seasonality_prior_scale": 2.5204443263374285
}