{
  "changepoint_prior_scale": 0.001901883042175942,
  "holidays_prior_scale": 1.0345923463295421,
  "seasonality_mode": "multiplicative",
  "seasonality_prior_scale": 20.248064211953075
}