{
  "changepoint_prior_scale": 0.0011546854772278064,
  "holidays_prior_scale": 2.4071742207290567,
  "seasonality_mode": "multiplicative",
  "seasonality_prior_scale": 2.662070931958918
}