{
  "changepoint_prior_scale": 0.011282850003790165,
  "holidays_prior_scale": 4.749188320770402,
  "seasonality_mode": "additive",
  "seasonality_prior_scale": 22.943577145334675
}