{
  "changepoint_prior_scale": 0.0024883115891911013,
  "holidays_prior_scale": 4.3165365180819455,
  "seasonality_mode": "additive",
  "seasonality_prior_scale": 7.615760757721313
}