{
  "changepoint_prior_scale": 0.03841497351892784,
  "holidays_prior_scale": 48.2563653471113,
  "seasonality_mode": "additive",
  "seasonality_prior_scale": 9.252346888955119
}