{
  "changepoint_prior_scale": 0.010359165055988134,
  "holidays_prior_scale": 2.8773852419629002,
  "seasonality_mode": "multiplicative",
  "seasonality_prior_scale": 2.30862082907193
}