{
  "changepoint_prior_scale": 0.017640054286521233,
  "holidays_prior_scale": 7.787431052590518,
  "seasonality_mode": "additive",
  "seasonality_prior_scale": 6.999705645280084
}