{
  "changepoint_prior_scale": 0.0013238089310448494,
  "holidays_prior_scale": 4.339507269746692,
  "seasonality_mode": "additive",
  "seasonality_prior_scale": 1.1254321242637246
}