{
  "changepoint_prior_scale": 0.05040012638258912,
  "holidays_prior_scale": 1.079958106692428,
  "seasonality_mode": "multiplicative",
  "seasonality_prior_scale": 2.03451338887961
}