{
  "changepoint_prior_scale": 0.015072778289030203,
  "holidays_prior_scale": 2.0796735242768416,
  "seasonality_mode": "multiplicative",
  "seasonality_prior_scale": 1.8169840520635356
}