{
  "changepoint_prior_scale": 0.008563981811176014,
  "holidays_prior_scale": 1.4130923147990544,
  "seasonality_mode": "multiplicative",
  "seasonality_prior_scale": 3.781322351902817
}