{
  "changepoint_prior_scale": 0.003178885850680543,
  "holidays_prior_scale": 35.7749493671924,
  "seasonality_mode": "additive",
  "seasonality_prior_scale": 6.041948058520133
}