{
  "changepoint_prior_scale": 0.0035088113196454513,
  "holidays_prior_scale": 15.718550816756075,
  "seasonality_mode": "additive",
  "seasonality_prior_scale": 8.433410227112345
}