{
  "changepoint_prior_scale": 0.015979908853561195,
  "holidays_prior_scale": 1.5694517763662408,
  "seasonality_mode": "multiplicative",
  "seasonality_prior_scale": 5.238780784267991
}