{
  "changepoint_prior_scale": 0.02052431884675394,
  "holidays_prior_scale": 9.758381772824954,
  "seasonality_mode": "additive",
  "seasonality_prior_scale": 11.627234454103892
}