{
  "changepoint_prior_scale": 0.08547131187712682,
  "holidays_prior_scale": 38.74862023137584,
  "seasonality_mode": "multiplicative",
  "seasonality_prior_scale": 2.8106130168394623
}