{
  "changepoint_prior_scale": 0.0032377453223678687,
  "holidays_prior_scale": 3.264239836258241,
  "seasonality_mode": "additive",
  "seasonality_prior_scale": 21.934978278294466
}