{
  "changepoint_prior_scale": 0.335190428610311,
  "holidays_prior_scale": 24.735399742453247,
  "seasonality_mode": "multiplicative",
  "seasonality_prior_scale": 43.11378875168557
}