{
  "changepoint_prior_scale": 0.009306948848486126,
  "holidays_prior_scale": 7.896029225961273,
  "seasonality_mode": "additive",
  "seasonality_prior_scale": 13.928112975397081
}