{
  "changepoint_prior_scale": 0.00807058787819227,
  "holidays_prior_scale": 1.2572864854472223,
  "seasonality_mode": "multiplicative",
  "seasonality_prior_scale": 14.687586142940923
}