{
  "changepoint_prior_scale": 0.02483949011903909,
  "holidays_prior_scale": 37.33469808980507,
  "seasonality_mode": "additive",
  "seasonality_prior_scale": 1.6160690269276858
}