{
  "changepoint_prior_scale": 0.2320031614117575,
  "holidays_prior_scale": 9.960155815870264,
  "seasonality_mode": "multiplicative",
  "seasonality_prior_scale": 6.3126207874304265
}