{
  "changepoint_prior_scale": 0.001132936712804078,
  "holidays_prior_scale": 1.0703713921290254,
  "seasonality_mode": "multiplicative",
  "seasonality_prior_scale": 37.89994771935306
}