{
  "changepoint_prior_scale": 0.00859955057014134,
  "holidays_prior_scale": 1.6859866992921875,
  "seasonality_mode": "additive",
  "seasonality_prior_scale": 42.19903492060355
}