{
  "changepoint_prior_scale": 0.3783305376165982,
  "holidays_prior_scale": 4.688636163275766,
  "seasonality_mode": "multiplicative",
  "seasonality_prior_scale": 22.763957690811356
}