{
  "changepoint_prior_scale": 0.17462790215853058,
  "holidays_prior_scale": 5.200066952811372,
  "seasonality_mode": "multiplicative",
  "seasonality_prior_scale": 2.456613011400664
}