{
  "changepoint_prior_scale": 0.009283974717827149,
  "holidays_prior_scale": 1.2497785773413876,
  "seasonality_mode": "multiplicative",
  "seasonality_prior_scale": 32.5815954209713
}