{
  "changepoint_prior_scale": 0.014856600088576538,
  "holidays_prior_scale": 13.375604203991347,
  "seasonality_mode": "multiplicative",
  "seasonality_prior_scale": 19.390182078565893
}