{
  "changepoint_prior_scale": 0.022337059476977943,
  "holidays_prior_scale": 2.907073994452781,
  "seasonality_mode": "additive",
  "seasonality_prior_scale": 33.683494968708956
}