{
  "changepoint_prior_scale": 0.001803185791611254,
  "holidays_prior_scale": 2.6796456153219093,
  "seasonality_mode": "additive",
  "seasonality_prior_scale": 40.060192485602514
}