{
  "changepoint_prior_scale": 0.152912247761528,
  "holidays_prior_scale": 25.782963594748487,
  "seasonality_mode": "multiplicative",
  "seasonality_prior_scale": 41.50407744355554
}