{
  "changepoint_prior_scale": 0.07759680388144105,
  "holidays_prior_scale": 4.4771548264610885,
  "seasonality_mode": "additive",
  "seasonality_prior_scale": 1.0169781151743342
}