{
  "changepoint_prior_scale": 0.01145498798477865,
  "holidays_prior_scale": 1.5063553456101568,
  "seasonality_mode": "multiplicative",
  "seasonality_prior_scale": 1.8011410248912196
}