{
  "changepoint_prior_scale": 0.008056486942206913,
  "holidays_prior_scale": 5.455948862983651,
  "seasonality_mode": "multiplicative",
  "seasonality_prior_scale": 29.901319787600634
}