{
  "changepoint_prior_scale": 0.0025621539969940543,
  "holidays_prior_scale": 1.8030059735175457,
  "seasonality_mode": "multiplicative",
  "seasonality_prior_scale": 7.583859663007343
}