{
  "changepoint_prior_scale": 0.059721740933591734,
  "holidays_prior_scale": 6.987284612945322,
  "seasonality_mode": "additive",
  "seasonality_prior_scale": 8.61631958398301
}