{
  "changepoint_prior_scale": 0.005301448307118868,
  "holidays_prior_scale": 1.937384448538749,
  "seasonality_mode": "additive",
  "seasonality_prior_scale": 33.15418777598234
}