{
  "changepoint_prior_scale": 0.3729694932124007,
  "holidays_prior_scale": 9.837954686999481,
  "seasonality_mode": "multiplicative",
  "seasonality_prior_scale": 31.235700402294974
}