{
  "changepoint_prior_scale": 0.0066629118886064355,
  "holidays_prior_scale": 1.3365005007978665,
  "seasonality_mode": "additive",
  "seasonality_prior_scale": 22.42885440099776
}