{
  "changepoint_prior_scale": 0.006528199699706336,
  "holidays_prior_scale": 3.417253053439728,
  "seasonality_mode": "multiplicative",
  "seasonality_prior_scale": 3.0449316027831994
}