{
  "changepoint_prior_scale": 0.001889753914547307,
  "holidays_prior_scale": 7.880100073191802,
  "seasonality_mode": "multiplicative",
  "seasonality_prior_scale": 3.81141745686833
}