{
  "changepoint_prior_scale": 0.008840764834136932,
  "holidays_prior_scale": 5.698471966655133,
  "seasonality_mode": "multiplicative",
  "seasonality_prior_scale": 1.910492367671498
}