{
  "changepoint_prior_scale": 0.011312080454739942,
  "holidays_prior_scale": 2.742460319453556,
  "seasonality_mode": "multiplicative",
  "seasonality_prior_scale": 2.3820335889561415
}