{
  "changepoint_prior_scale": 0.0023942982243515686,
  "holidays_prior_scale": 4.1954559833635665,
  "seasonality_mode": "multiplicative",
  "seasonality_prior_scale": 4.418797830121451
}