{
  "changepoint_prior_scale": 0.0023181218104709367,
  "holidays_prior_scale": 4.601190157546536,
  "seasonality_mode": "additive",
  "seasonality_prior_scale": 3.8097150068553725
}