{
  "changepoint_prior_scale": 0.001930947641268077,
  "holidays_prior_scale": 3.3806622741147803,
  "seasonality_mode": "additive",
  "seasonality_prior_scale": 7.7050317280539105
}