{
  "changepoint_prior_scale": 0.01093187681271448,
  "holidays_prior_scale": 6.288565782345166,
  "seasonality_mode": "multiplicative",
  "seasonality_prior_scale": 2.745967367834068
}