{
  "changepoint_prior_scale": 0.10428877259304864,
  "holidays_prior_scale": 2.5367151106406824,
  "seasonality_mode": "multiplicative",
  "seasonality_prior_scale": 2.3836191864734624
}