{
  "changepoint_prior_scale": 0.02434156761288722,
  "holidays_prior_scale": 2.366085365559249,
  "seasonality_mode": "additive",
  "seasonality_prior_scale": 27.712070625263927
}