{
  "changepoint_prior_scale": 0.0011257062542537823,
  "holidays_prior_scale": 6.414483742968092,
  "seasonality_mode": "multiplicative",
  "seasonality_prior_scale": 2.2180417415856892
}