{
  "changepoint_prior_scale": 0.29559438364516283,
  "holidays_prior_scale": 17.98608885753623,
  "seasonality_mode": "multiplicative",
  "seasonality_prior_scale": 6.11527728334229
}