{
  "changepoint_prior_scale": 0.14222788706711817,
  "holidays_prior_scale": 22.35565507018246,
  "seasonality_mode": "multiplicative",
  "seasonality_prior_scale": 10.46189638626032
}