{
  "changepoint_prior_scale": 0.008233962687279701,
  "holidays_prior_scale": 1.5266238050766743,
  "seasonality_mode": "additive",
  "seasonality_prior_scale": 30.798068801100026
}