{
  "changepoint_prior_scale": 0.00719104461153894,
  "holidays_prior_scale": 1.1098193476499292,
  "seasonality_mode": "multiplicative",
  "seasonality_prior_scale": 3.0254699055763594
}