{
  "changepoint_prior_scale": 0.21331211670654895,
  "holidays_prior_scale": 1.8627036756826096,
  "seasonality_mode": "additive",
  "seasonality_prior_scale": 3.141421516548165
}