{
  "changepoint_prior_scale": 0.011322574084767122,
  "holidays_prior_scale": 6.904344944913392,
  "seasonality_mode": "multiplicative",
  "seasonality_prior_scale": 3.957447632489254
}