{
  "changepoint_prior_scale": 0.009609559720052226,
  "holidays_prior_scale": 2.992380309526751,
  "seasonality_mode": "additive",
  "seasonality_prior_scale": 39.95685323658879
}