{
  "changepoint_prior_scale": 0.011102236200694612,
  "holidays_prior_scale": 5.84512341127746,
  "seasonality_mode": "multiplicative",
  "seasonality_prior_scale": 16.109414548299842
}