{
  "changepoint_prior_scale": 0.018274362863314263,
  "holidays_prior_scale": 1.3490390967234276,
  "seasonality_mode": "multiplicative",
  "seasonality_prior_scale": 46.41345819210847
}