{
  "changepoint_prior_scale": 0.004022558182495442,
  "holidays_prior_scale": 1.0993077210533897,
  "seasonality_mode": "multiplicative",
  "seasonality_prior_scale": 3.246827498148372
}