{
  "changepoint_prior_scale": 0.0953921009919658,
  "holidays_prior_scale": 7.021608669403821,
  "seasonality_mode": "multiplicative",
  "seasonality_prior_scale": 10.580750738866092
}