{
  "changepoint_prior_scale": 0.0021911143065826127,
  "holidays_prior_scale": 17.665504213697297,
  "seasonality_mode": "multiplicative",
  "seasonality_prior_scale": 39.74335601103342
}