{
  "changepoint_prior_scale": 0.01754980773249432,
  "holidays_prior_scale": 1.2978237428488992,
  "seasonality_mode": "additive",
  "seasonality_prior_scale": 4.845137666996667
}