{
  "changepoint_prior_scale": 0.024562366236675185,
  "holidays_prior_scale": 3.246060041873945,
  "seasonality_mode": "multiplicative",
  "seasonality_prior_scale": 1.6990917610949745
}