{
  "changepoint_prior_scale": 0.01644004460402788,
  "holidays_prior_scale": 5.732048048211801,
  "seasonality_mode": "additive",
  "seasonality_prior_scale": 23.652810882681578
}