{
  "changepoint_prior_scale": 0.007249931666971878,
  "holidays_prior_scale": 3.2485731997832628,
  "seasonality_mode": "multiplicative",
  "seasonality_prior_scale": 4.056504703391165
}