{
  "changepoint_prior_scale": 0.3376900634257736,
  "holidays_prior_scale": 37.736460678814424,
  "seasonality_mode": "multiplicative",
  "seasonality_prior_scale": 25.027816218800123
}