{
  "changepoint_prior_scale": 0.09222254844261801,
  "holidays_prior_scale": 17.00658534683412,
  "seasonality_mode": "multiplicative",
  "seasonality_prior_scale": 18.747302095604926
}