{
  "changepoint_prior_scale": 0.02737123187230228,
  "holidays_prior_scale": 2.2741732885497172,
  "seasonality_mode": "multiplicative",
  "seasonality_prior_scale": 2.406363219696734
}