{
  "changepoint_prior_scale": 0.010294348281248351,
  "holidays_prior_scale": 1.5279226898143536,
  "seasonality_mode": "multiplicative",
  "seasonality_prior_scale": 1.7806907033088129
}