{
  "changepoint_prior_scale": 0.014919939241548935,
  "holidays_prior_scale": 1.4363012526352485,
  "seasonality_mode": "multiplicative",
  "seasonality_prior_scale": 2.4000998041864787
}