{
  "changepoint_prior_scale": 0.0036520377299115903,
  "holidays_prior_scale": 1.2009396221434978,
  "seasonality_mode": "multiplicative",
  "seasonality_prior_scale": 9.271376004822653
}