{
  "changepoint_prior_scale": 0.001351548024492999,
  "holidays_prior_scale": 45.53424490370172,
  "seasonality_mode": "multiplicative",
  "seasonality_prior_scale": 18.511009622500893
}