{
  "changepoint_prior_scale": 0.09969559069113919,
  "holidays_prior_scale": 48.72377690882846,
  "seasonality_mode": "multiplicative",
  "seasonality_prior_scale": 13.888237439845396
}