{
  "changepoint_prior_scale": 0.01808717666415854,
  "holidays_prior_scale": 8.703802423561456,
  "seasonality_mode": "multiplicative",
  "seasonality_prior_scale": 1.3398806264669696
}