{
  "changepoint_prior_scale": 0.17570281750380706,
  "holidays_prior_scale": 1.0217853891772377,
  "seasonality_mode": "additive",
  "seasonality_prior_scale": 8.226753127918155
}