{
  "changepoint_prior_scale": 0.02642401257991873,
  "holidays_prior_scale": 4.949244902049652,
  "seasonality_mode": "additive",
  "seasonality_prior_scale": 1.0565620374730422
}