{
  "changepoint_prior_scale": 0.010972457202188354,
  "holidays_prior_scale": 1.417009339636054,
  "seasonality_mode": "multiplicative",
  "seasonality_prior_scale": 3.70534555218897
}