{
  "changepoint_prior_scale": 0.016759475084598196,
  "holidays_prior_scale": 39.901682336550714,
  "seasonality_mode": "multiplicative",
  "seasonality_prior_scale": 4.950794865961625
}