{
  "changepoint_prior_scale": 0.02901815053989886,
  "holidays_prior_scale": 1.3840983091911718,
  "seasonality_mode": "multiplicative",
  "seasonality_prior_scale": 3.3722240767367304
}