{
  "changepoint_prior_scale": 0.00585160642363124,
  "holidays_prior_scale": 36.1156141871494,
  "seasonality_mode": "multiplicative",
  "seasonality_prior_scale": 6.140345855680418
}