{
  "changepoint_prior_scale": 0.002292916039557034,
  "holidays_prior_scale": 1.8873277795453802,
  "seasonality_mode": "additive",
  "seasonality_prior_scale": 4.774171423250491
}