{
  "changepoint_prior_scale": 0.2654844735215423,
  "holidays_prior_scale": 8.126898849264025,
  "seasonality_mode": "multiplicative",
  "seasonality_prior_scale": 46.30372158122345
}