{
  "changepoint_prior_scale": 0.01269694808178607,
  "holidays_prior_scale": 2.341592509936789,
  "seasonality_mode": "multiplicative",
  "seasonality_prior_scale": 2.5175051317929475
}