{
  "changepoint_prior_scale": 0.06359431174030843,
  "holidays_prior_scale": 39.38231882029076,
  "seasonality_mode": "multiplicative",
  "seasonality_prior_scale": 10.047277763789412
}