{
  "changepoint_prior_scale": 0.07233036081780393,
  "holidays_prior_scale": 1.3471933654404324,
  "seasonality_mode": "additive",
  "seasonality_prior_scale": 44.928812362280595
}