{
  "changepoint_prior_scale": 0.017593477078428378,
  "holidays_prior_scale": 20.51300418913115,
  "seasonality_mode": "multiplicative",
  "seasonality_prior_scale": 2.058237364158617
}