{
  "changepoint_prior_scale": 0.006362971222662828,
  "holidays_prior_scale": 1.388245087372021,
  "seasonality_mode": "multiplicative",
  "seasonality_prior_scale": 2.7822036555100738
}