{
  "changepoint_prior_scale": 0.013198999129015076,
  "holidays_prior_scale": 1.2463787948054006,
  "seasonality_mode": "multiplicative",
  "seasonality_prior_scale": 3.651080638828868
}