{
  "changepoint_prior_scale": 0.024907528548477727,
  "holidays_prior_scale": 2.716038427975504,
  "seasonality_mode": "additive",
  "seasonality_prior_scale": 1.6356586035764313
}