{
  "changepoint_prior_scale": 0.016921921306366352,
  "holidays_prior_scale": 24.331300084367353,
  "seasonality_mode": "multiplicative",
  "seasonality_prior_scale": 2.211089439491963
}