{
  "changepoint_prior_scale": 0.020457493337572918,
  "holidays_prior_scale": 2.2555552064450555,
  "seasonality_mode": "multiplicative",
  "seasonality_prior_scale": 2.2849449948519656
}