{
  "changepoint_prior_scale": 0.006440960363329225,
  "holidays_prior_scale": 1.1643614492336125,
  "seasonality_mode": "multiplicative",
  "seasonality_prior_scale": 7.851507262082234
}