{
  "changepoint_prior_scale": 0.008623383527930776,
  "holidays_prior_scale": 28.216093843405996,
  "seasonality_mode": "multiplicative",
  "seasonality_prior_scale": 2.4778907482759407
}