{
  "changepoint_prior_scale": 0.08200653872066427,
  "holidays_prior_scale": 15.934171991927517,
  "seasonality_mode": "additive",
  "seasonality_prior_scale": 17.584468644043845
}