{
  "changepoint_prior_scale": 0.05031484839649121,
  "holidays_prior_scale": 5.86102923335814,
  "seasonality_mode": "multiplicative",
  "seasonality_prior_scale": 47.97929541599886
}