{
  "changepoint_prior_scale": 0.00792533226187522,
  "holidays_prior_scale": 1.8136752268117404,
  "seasonality_mode": "multiplicative",
  "seasonality_prior_scale": 2.5616143709439907
}