{
  "changepoint_prior_scale": 0.00864671683747244,
  "holidays_prior_scale": 3.4774972198066822,
  "seasonality_mode": "multiplicative",
  "seasonality_prior_scale": 4.031458625262466
}