{
  "changepoint_prior_scale": 0.005797515792174836,
  "holidays_prior_scale": 14.17817798242023,
  "seasonality_mode": "additive",
  "seasonality_prior_scale": 13.810996356061914
}