{
  "changepoint_prior_scale": 0.16287213451715463,
  "holidays_prior_scale": 21.203322989795062,
  "seasonality_mode": "additive",
  "seasonality_prior_scale": 2.7187648131445283
}