{
  "changepoint_prior_scale": 0.03426294967250387,
  "holidays_prior_scale": 7.2945504869826205,
  "seasonality_mode": "additive",
  "seasonality_prior_scale": 31.742135332415792
}