{
  "changepoint_prior_scale": 0.0037600157147374123,
  "holidays_prior_scale": 3.4813974730139887,
  "seasonality_mode": "multiplicative",
  "seasonality_prior_scale": 3.928431086479017
}