{
  "changepoint_prior_scale": 0.019680919742590192,
  "holidays_prior_scale": 1.4720980960966652,
  "seasonality_mode": "multiplicative",
  "seasonality_prior_scale": 5.794761267567707
}