{
  "changepoint_prior_scale": 0.011050151778731733,
  "holidays_prior_scale": 4.099231930895229,
  "seasonality_mode": "additive",
  "seasonality_prior_scale": 46.20496412416154
}