{
  "changepoint_prior_scale": 0.006017335532306043,
  "holidays_prior_scale": 3.525270882234273,
  "seasonality_mode": "multiplicative",
  "seasonality_prior_scale": 3.059004357725509
}