{
  "changepoint_prior_scale": 0.03261477351552967,
  "holidays_prior_scale": 9.456802532050018,
  "seasonality_mode": "multiplicative",
  "seasonality_prior_scale": 6.247136097201541
}