{
  "changepoint_prior_scale": 0.2191138409876481,
  "holidays_prior_scale": 17.349486277791193,
  "seasonality_mode": "multiplicative",
  "seasonality_prior_scale": 3.0406184543859625
}