{
  "changepoint_prior_scale": 0.008950160873944013,
  "holidays_prior_scale": 15.53825325203069,
  "seasonality_mode": "multiplicative",
  "seasonality_prior_scale": 4.845289336011371
}