{
  "changepoint_prior_scale": 0.0283983458323689,
  "holidays_prior_scale": 28.529990277290516,
  "seasonality_mode": "multiplicative",
  "seasonality_prior_scale": 46.014092463415224
}