{
  "changepoint_prior_scale": 0.19153397309666975,
  "holidays_prior_scale": 28.901955529384438,
  "seasonality_mode": "additive",
  "seasonality_prior_scale": 20.083765276108938
}