{
  "changepoint_prior_scale": 0.006613790067800254,
  "holidays_prior_scale": 1.077081106918166,
  "seasonality_mode": "multiplicative",
  "seasonality_prior_scale": 3.89804947397769
}