{
  "changepoint_prior_scale": 0.022521923685959455,
  "holidays_prior_scale": 2.2066477080632967,
  "seasonality_mode": "additive",
  "seasonality_prior_scale": 8.1825182892674
}