{
  "changepoint_prior_scale": 0.015653661090993008,
  "holidays_prior_scale": 1.1801132631742397,
  "seasonality_mode": "multiplicative",
  "seasonality_prior_scale": 5.469752977737557
}