{
  "changepoint_prior_scale": 0.011143467153479181,
  "holidays_prior_scale": 1.5671178703925177,
  "seasonality_mode": "multiplicative",
  "seasonality_prior_scale": 4.231384239449755
}