{
  "changepoint_prior_scale": 0.007535942014623264,
  "holidays_prior_scale": 1.6117573864284174,
  "seasonality_mode": "additive",
  "seasonality_prior_scale": 17.879539806778403
}