{
  "changepoint_prior_scale": 0.00850294840407599,
  "holidays_prior_scale": 3.688923446834269,
  "seasonality_mode": "additive",
  "seasonality_prior_scale": 5.122716325193302
}