{
  "changepoint_prior_scale": 0.002137685442594158,
  "holidays_prior_scale": 19.964261012959213,
  "seasonality_mode": "additive",
  "seasonality_prior_scale": 17.70330040473476
}