{
  "changepoint_prior_scale": 0.14705126730303686,
  "holidays_prior_scale": 22.88360825208595,
  "seasonality_mode": "multiplicative",
  "seasonality_prior_scale": 24.106612061588468
}