{
  "changepoint_prior_scale": 0.003759344554034855,
  "holidays_prior_scale": 21.57752992789617,
  "seasonality_mode": "additive",
  "seasonality_prior_scale": 3.8544284111641907
}