{
  "changepoint_prior_scale": 0.0013683862835479391,
  "holidays_prior_scale": 42.46072838435013,
  "seasonality_mode": "multiplicative",
  "seasonality_prior_scale": 10.93413110394731
}