{
  "changepoint_prior_scale": 0.30716911997679447,
  "holidays_prior_scale": 22.55140553105818,
  "seasonality_mode": "multiplicative",
  "seasonality_prior_scale": 29.419171591840495
}