{
  "changepoint_prior_scale": 0.00947652012661828,
  "holidays_prior_scale": 1.001415719813526,
  "seasonality_mode": "multiplicative",
  "seasonality_prior_scale": 1.2950715722892963
}