{
  "changepoint_prior_scale": 0.001722687178058408,
  "holidays_prior_scale": 4.6532837523359145,
  "seasonality_mode": "additive",
  "seasonality_prior_scale": 1.0944411905283151
}