{
  "changepoint_prior_scale": 0.005710029850867184,
  "holidays_prior_scale": 1.535902400230421,
  "seasonality_mode": "additive",
  "seasonality_prior_scale": 33.07904335299781
}