{
  "changepoint_prior_scale": 0.1027257011051123,
  "holidays_prior_scale": 20.76362162219556,
  "seasonality_mode": "additive",
  "seasonality_prior_scale": 8.397893568588627
}