{
  "changepoint_prior_scale": 0.0500311437186901,
  "holidays_prior_scale": 7.28138441826477,
  "seasonality_mode": "multiplicative",
  "seasonality_prior_scale": 9.10558018083879
}