{
  "changepoint_prior_scale": 0.02146815783752693,
  "holidays_prior_scale": 2.0899052126805735,
  "seasonality_mode": "multiplicative",
  "seasonality_prior_scale": 34.163843662168716
}