{
  "changepoint_prior_scale": 0.0066840555149998,
  "holidays_prior_scale": 35.429111138922764,
  "seasonality_mode": "multiplicative",
  "seasonality_prior_scale": 37.78051579192388
}