{
  "changepoint_prior_scale": 0.02570002448327928,
  "holidays_prior_scale": 2.3495330781604804,
  "seasonality_mode": "multiplicative",
  "seasonality_prior_scale": 2.1823423722978217
}