{
  "changepoint_prior_scale": 0.06097060477467531,
  "holidays_prior_scale": 29.09259903240211,
  "seasonality_mode": "additive",
  "seasonality_prior_scale": 1.0146913319820527
}