{
  "changepoint_prior_scale": 0.01805739123270814,
  "holidays_prior_scale": 1.8612978872685688,
  "seasonality_mode": "additive",
  "seasonality_prior_scale": 2.6410388898716155
}