{
  "changepoint_prior_scale": 0.3519370742672332,
  "holidays_prior_scale": 27.437178937866275,
  "seasonality_mode": "multiplicative",
  "seasonality_prior_scale": 8.130236308119365
}