{
  "changepoint_prior_scale": 0.01106901455520921,
  "holidays_prior_scale": 1.4557025652976838,
  "seasonality_mode": "multiplicative",
  "seasonality_prior_scale": 22.884509977017068
}