{
  "changepoint_prior_scale": 0.07211735569085212,
  "holidays_prior_scale": 27.886684014333433,
  "seasonality_mode": "multiplicative",
  "seasonality_prior_scale": 10.123855111474333
}