{
  "changepoint_prior_scale": 0.236151169414934,
  "holidays_prior_scale": 39.062869235344536,
  "seasonality_mode": "multiplicative",
  "seasonality_prior_scale": 28.473847503505517
}