{
  "changepoint_prior_scale": 0.10781315379066506,
  "holidays_prior_scale": 15.820627015009789,
  "seasonality_mode": "multiplicative",
  "seasonality_prior_scale": 46.466795275739806
}