{
  "changepoint_prior_scale": 0.25625960524638963,
  "holidays_prior_scale": 8.1194318877818,
  "seasonality_mode": "multiplicative",
  "seasonality_prior_scale": 16.34511052056101
}