{
  "changepoint_prior_scale": 0.36194267682266684,
  "holidays_prior_scale": 1.5091166640543732,
  "seasonality_mode": "multiplicative",
  "seasonality_prior_scale": 2.3883589901807185
}