{
  "changepoint_prior_scale": 0.00626789254116755,
  "holidays_prior_scale": 22.416439280339464,
  "seasonality_mode": "multiplicative",
  "seasonality_prior_scale": 15.045156030516415
}