{
  "changepoint_prior_scale": 0.04818774215346722,
  "holidays_prior_scale": 48.73230874167034,
  "seasonality_mode": "multiplicative",
  "seasonality_prior_scale": 37.010726737514084
}