{
  "changepoint_prior_scale": 0.29177682297864144,
  "holidays_prior_scale": 1.6254918400304623,
  "seasonality_mode": "multiplicative",
  "seasonality_prior_scale": 6.293568213155829
}