{
  "changepoint_prior_scale": 0.26517049161813133,
  "holidays_prior_scale": 1.7616640186174946,
  "seasonality_mode": "multiplicative",
  "seasonality_prior_scale": 13.557535620636882
}