{
  "changepoint_prior_scale": 0.001469218819959895,
  "holidays_prior_scale": 2.9058374030490746,
  "seasonality_mode": "additive",
  "seasonality_prior_scale": 46.4330501864287
}