{
  "changepoint_prior_scale": 0.007106475354917066,
  "holidays_prior_scale": 12.871922090357796,
  "seasonality_mode": "multiplicative",
  "seasonality_prior_scale": 4.032355030709866
}