{
  "changepoint_prior_scale": 0.009775716530872194,
  "holidays_prior_scale": 6.763636977962553,
  "seasonality_mode": "additive",
  "seasonality_prior_scale": 12.96633264264162
}