{
  "changepoint_prior_scale": 0.3209438229103356,
  "holidays_prior_scale": 48.68299422224556,
  "seasonality_mode": "multiplicative",
  "seasonality_prior_scale": 6.03130854739915
}