{
  "changepoint_prior_scale": 0.010480365471448563,
  "holidays_prior_scale": 1.6234698336077638,
  "seasonality_mode": "multiplicative",
  "seasonality_prior_scale": 2.6193284589825394
}