{
  "changepoint_prior_scale": 0.011681936195804961,
  "holidays_prior_scale": 1.1633806460629827,
  "seasonality_mode": "multiplicative",
  "seasonality_prior_scale": 5.016272012069113
}