{
  "changepoint_prior_scale": 0.0048666702281220005,
  "holidays_prior_scale": 4.493923780270419,
  "seasonality_mode": "additive",
  "seasonality_prior_scale": 28.027607590680063
}