{
  "changepoint_prior_scale": 0.006815062918265282,
  "holidays_prior_scale": 14.857492902611844,
  "seasonality_mode": "multiplicative",
  "seasonality_prior_scale": 5.352465136544387
}