{
  "changepoint_prior_scale": 0.008683463667892764,
  "holidays_prior_scale": 3.77936461879259,
  "seasonality_mode": "multiplicative",
  "seasonality_prior_scale": 4.36469350832858
}