{
  "changepoint_prior_scale": 0.0021616553500862223,
  "holidays_prior_scale": 2.1453727597298773,
  "seasonality_mode": "multiplicative",
  "seasonality_prior_scale": 2.373255946788835
}