{
  "changepoint_prior_scale": 0.01745399365736948,
  "holidays_prior_scale": 1.4013357053099855,
  "seasonality_mode": "additive",
  "seasonality_prior_scale": 6.6386587716178855
}