{
  "changepoint_prior_scale": 0.01701070849348168,
  "holidays_prior_scale": 7.068334712864065,
  "seasonality_mode": "additive",
  "seasonality_prior_scale": 1.6893268261364003
}