{
  "changepoint_prior_scale": 0.007329582702414956,
  "holidays_prior_scale": 1.1476888997065284,
  "seasonality_mode": "multiplicative",
  "seasonality_prior_scale": 1.1423781661419337
}