{
  "changepoint_prior_scale": 0.0015772693586955995,
  "holidays_prior_scale": 16.9790664083302,
  "seasonality_mode": "additive",
  "seasonality_prior_scale": 6.80185894351813
}