{
  "changepoint_prior_scale": 0.02728682735406633,
  "holidays_prior_scale": 3.62843882565327,
  "seasonality_mode": "multiplicative",
  "seasonality_prior_scale": 1.4939824156008905
}