{
  "changepoint_prior_scale": 0.013995853613741643,
  "holidays_prior_scale": 1.5830789169932031,
  "seasonality_mode": "multiplicative",
  "seasonality_prior_scale": 3.553261972786108
}