{
  "changepoint_prior_scale": 0.0019366326218330095,
  "holidays_prior_scale": 37.308533301363966,
  "seasonality_mode": "multiplicative",
  "seasonality_prior_scale": 1.0241736619844442
}