{
  "changepoint_prior_scale": 0.07456251200550629,
  "holidays_prior_scale": 11.599381873001056,
  "seasonality_mode": "additive",
  "seasonality_prior_scale": 4.868928628650405
}