{
  "changepoint_prior_scale": 0.49322165831259973,
  "holidays_prior_scale": 2.6645503679541247,
  "seasonality_mode": "multiplicative",
  "seasonality_prior_scale": 11.03315950006388
}