{
  "changepoint_prior_scale": 0.017631682719916168,
  "holidays_prior_scale": 1.4058609715867334,
  "seasonality_mode": "multiplicative",
  "seasonality_prior_scale": 4.9621291803522185
}