{
  "changepoint_prior_scale": 0.42207973945459826,
  "holidays_prior_scale": 2.6359531138551535,
  "seasonality_mode": "additive",
  "seasonality_prior_scale": 46.770822535033716
}