{
  "changepoint_prior_scale": 0.12066655932547893,
  "holidays_prior_scale": 12.690389841340735,
  "seasonality_mode": "multiplicative",
  "seasonality_prior_scale": 1.7823088404410858
}