{
  "changepoint_prior_scale": 0.004699067441272939,
  "holidays_prior_scale": 3.411361395401436,
  "seasonality_mode": "additive",
  "seasonality_prior_scale": 5.1010947471325325
}