{
  "changepoint_prior_scale": 0.006201257280328952,
  "holidays_prior_scale": 6.852266323209807,
  "seasonality_mode": "multiplicative",
  "seasonality_prior_scale": 3.070560590874792
}