{
  "changepoint_prior_scale": 0.008577560005111813,
  "holidays_prior_scale": 1.6951137243402767,
  "seasonality_mode": "multiplicative",
  "seasonality_prior_scale": 4.526579598626869
}