{
  "changepoint_prior_scale": 0.009777874188357617,
  "holidays_prior_scale": 5.063259934112192,
  "seasonality_mode": "additive",
  "seasonality_prior_scale": 36.312696652621156
}