{
  "changepoint_prior_scale": 0.035390654726366676,
  "holidays_prior_scale": 47.921801052972,
  "seasonality_mode": "multiplicative",
  "seasonality_prior_scale": 1.6230117182449242
}