{
  "changepoint_prior_scale": 0.16129681338631893,
  "holidays_prior_scale": 3.2516101044828067,
  "seasonality_mode": "multiplicative",
  "seasonality_prior_scale": 1.042960446722261
}