{
  "changepoint_prior_scale": 0.023782758925105396,
  "holidays_prior_scale": 5.186531566921582,
  "seasonality_mode": "additive",
  "seasonality_prior_scale": 4.810378925210425
}