{
  "changepoint_prior_scale": 0.010630019692892179,
  "holidays_prior_scale": 3.932588151441831,
  "seasonality_mode": "additive",
  "seasonality_prior_scale": 2.101611211385166
}