{
  "changepoint_prior_scale": 0.28320209744144814,
  "holidays_prior_scale": 2.804161128546949,
  "seasonality_mode": "additive",
  "seasonality_prior_scale": 4.785263738544101
}