{
  "changepoint_prior_scale": 0.01046887767066506,
  "holidays_prior_scale": 2.2174652334783134,
  "seasonality_mode": "multiplicative",
  "seasonality_prior_scale": 17.142931383044786
}