{
  "changepoint_prior_scale": 0.009537340489196989,
  "holidays_prior_scale": 1.2580682562624086,
  "seasonality_mode": "multiplicative",
  "seasonality_prior_scale": 1.6009299087250497
}