{
  "changepoint_prior_scale": 0.3357464662032897,
  "holidays_prior_scale": 15.292269251954371,
  "seasonality_mode": "additive",
  "seasonality_prior_scale": 2.3703847883500475
}