{
  "changepoint_prior_scale": 0.014193508864396642,
  "holidays_prior_scale": 8.720135078435195,
  "seasonality_mode": "multiplicative",
  "seasonality_prior_scale": 23.625760296309892
}