{
  "changepoint_prior_scale": 0.012595515295813714,
  "holidays_prior_scale": 3.858429690795332,
  "seasonality_mode": "additive",
  "seasonality_prior_scale": 35.32429898661588
}