{
  "changepoint_prior_scale": 0.016115789525703226,
  "holidays_prior_scale": 2.642331039216753,
  "seasonality_mode": "additive",
  "seasonality_prior_scale": 10.627373026345175
}