{
  "changepoint_prior_scale": 0.00991147388311903,
  "holidays_prior_scale": 12.15689947611538,
  "seasonality_mode": "multiplicative",
  "seasonality_prior_scale": 7.982805420499933
}