{
  "changepoint_prior_scale": 0.011571362748132598,
  "holidays_prior_scale": 1.4552524602823256,
  "seasonality_mode": "multiplicative",
  "seasonality_prior_scale": 1.2848208941412398
}