{
  "changepoint_prior_scale": 0.013885398381653724,
  "holidays_prior_scale": 1.4645134356184275,
  "seasonality_mode": "multiplicative",
  "seasonality_prior_scale": 3.3254526276559555
}