{
  "changepoint_prior_scale": 0.003603757110277189,
  "holidays_prior_scale": 10.838456005953082,
  "seasonality_mode": "additive",
  "seasonality_prior_scale": 2.9206705495413723
}