{
  "changepoint_prior_scale": 0.010900153152034102,
  "holidays_prior_scale": 1.277789179363803,
  "seasonality_mode": "multiplicative",
  "seasonality_prior_scale": 1.6614914460751324
}