{
  "changepoint_prior_scale": 0.02081324009313635,
  "holidays_prior_scale": 1.242409183519338,
  "seasonality_mode": "multiplicative",
  "seasonality_prior_scale": 1.8146980209413714
}