{
  "changepoint_prior_scale": 0.00403956205678176,
  "holidays_prior_scale": 2.13880178841111,
  "seasonality_mode": "additive",
  "seasonality_prior_scale": 13.646181858205882
}