{
  "changepoint_prior_scale": 0.014391234137099149,
  "holidays_prior_scale": 1.7587851443382134,
  "seasonality_mode": "multiplicative",
  "seasonality_prior_scale": 4.020317451615752
}