{
  "changepoint_prior_scale": 0.24090050059620052,
  "holidays_prior_scale": 1.774829670989802,
  "seasonality_mode": "additive",
  "seasonality_prior_scale": 15.779077891277465
}