{
  "changepoint_prior_scale": 0.015461790780325316,
  "holidays_prior_scale": 1.5782065519646793,
  "seasonality_mode": "additive",
  "seasonality_prior_scale": 32.56960481704667
}