{
  "changepoint_prior_scale": 0.053671578572615654,
  "holidays_prior_scale": 1.0710203218868204,
  "seasonality_mode": "additive",
  "seasonality_prior_scale": 3.6433123254813333
}