{
  "changepoint_prior_scale": 0.008155264106494406,
  "holidays_prior_scale": 8.394960568706294,
  "seasonality_mode": "additive",
  "seasonality_prior_scale": 18.5129517161389
}