{
  "changepoint_prior_scale": 0.12065545820249372,
  "holidays_prior_scale": 5.0261630801306945,
  "seasonality_mode": "additive",
  "seasonality_prior_scale": 1.6420396411937193
}