{
  "changepoint_prior_scale": 0.011931140440995792,
  "holidays_prior_scale": 1.3110026713275498,
  "seasonality_mode": "multiplicative",
  "seasonality_prior_scale": 4.3604340284283545
}