{
  "changepoint_prior_scale": 0.006087809014978268,
  "holidays_prior_scale": 38.63759956554362,
  "seasonality_mode": "multiplicative",
  "seasonality_prior_scale": 1.2321636299792733
}