{
  "changepoint_prior_scale": 0.00917468635227109,
  "holidays_prior_scale": 1.4083899492305383,
  "seasonality_mode": "multiplicative",
  "seasonality_prior_scale": 15.865261539921242
}