{
  "changepoint_prior_scale": 0.008942710559228574,
  "holidays_prior_scale": 4.079907475680335,
  "seasonality_mode": "additive",
  "seasonality_prior_scale": 25.553503004488544
}