{
  "changepoint_prior_scale": 0.010518615384369637,
  "holidays_prior_scale": 1.5000504661806635,
  "seasonality_mode": "multiplicative",
  "seasonality_prior_scale": 3.1969401890980844
}