{
  "changepoint_prior_scale": 0.044379223585052724,
  "holidays_prior_scale": 2.063128475905708,
  "seasonality_mode": "multiplicative",
  "seasonality_prior_scale": 5.147100856111483
}