{
  "changepoint_prior_scale": 0.010521578643779624,
  "holidays_prior_scale": 1.9613371189803233,
  "seasonality_mode": "additive",
  "seasonality_prior_scale": 10.621147166218064
}