{
  "changepoint_prior_scale": 0.07183776044006594,
  "holidays_prior_scale": 18.288757727348727,
  "seasonality_mode": "additive",
  "seasonality_prior_scale": 7.1789673489916765
}