{
  "changepoint_prior_scale": 0.013433131480892752,
  "holidays_prior_scale": 1.5826861407282902,
  "seasonality_mode": "multiplicative",
  "seasonality_prior_scale": 2.840747910229239
}