{
  "changepoint_prior_scale": 0.009402797027327792,
  "holidays_prior_scale": 4.691252536976219,
  "seasonality_mode": "multiplicative",
  "seasonality_prior_scale": 7.3860200233561315
}