{
  "changepoint_prior_scale": 0.015027340730187577,
  "holidays_prior_scale": 3.2340618564304062,
  "seasonality_mode": "multiplicative",
  "seasonality_prior_scale": 5.231911092988635
}