{
  "changepoint_prior_scale": 0.016409473510227257,
  "holidays_prior_scale": 5.745091897235577,
  "seasonality_mode": "multiplicative",
  "seasonality_prior_scale": 1.907859020956346
}