{
  "changepoint_prior_scale": 0.03827822745213939,
  "holidays_prior_scale": 44.573340649575535,
  "seasonality_mode": "multiplicative",
  "seasonality_prior_scale": 26.80298525037794
}