{
  "changepoint_prior_scale": 0.004423896976402893,
  "holidays_prior_scale": 31.633116014485555,
  "seasonality_mode": "additive",
  "seasonality_prior_scale": 17.095311466418273
}