{
  "changepoint_prior_scale": 0.012086378307153759,
  "holidays_prior_scale": 2.4261071679488997,
  "seasonality_mode": "multiplicative",
  "seasonality_prior_scale": 2.740973551880462
}