{
  "changepoint_prior_scale": 0.010471178787168425,
  "holidays_prior_scale": 1.0614776496701461,
  "seasonality_mode": "multiplicative",
  "seasonality_prior_scale": 1.8862987530814566
}