{
  "changepoint_prior_scale": 0.012733476879268162,
  "holidays_prior_scale": 1.706091629653192,
  "seasonality_mode": "additive",
  "seasonality_prior_scale": 44.196508410350326
}