{
  "changepoint_prior_scale": 0.008232196306899713,
  "holidays_prior_scale": 1.1544080229994198,
  "seasonality_mode": "multiplicative",
  "seasonality_prior_scale": 2.6410618949435913
}