{
  "changepoint_prior_scale": 0.02567526745501134,
  "holidays_prior_scale": 16.789218103444927,
  "seasonality_mode": "additive",
  "seasonality_prior_scale": 9.27152055548763
}