{
  "changepoint_prior_scale": 0.018913643465574805,
  "holidays_prior_scale": 26.521359423762664,
  "seasonality_mode": "multiplicative",
  "seasonality_prior_scale": 33.054363223928085
}