{
  "changepoint_prior_scale": 0.48458416122906156,
  "holidays_prior_scale": 2.611114741224356,
  "seasonality_mode": "multiplicative",
  "seasonality_prior_scale": 1.0243114230990962
}