{
  "changepoint_prior_scale": 0.0073257452160269895,
  "holidays_prior_scale": 4.9198109619774,
  "seasonality_mode": "multiplicative",
  "seasonality_prior_scale": 3.2185216816257274
}