{
  "changepoint_prior_scale": 0.37442650773590685,
  "holidays_prior_scale": 3.5433238384054677,
  "seasonality_mode": "additive",
  "seasonality_prior_scale": 1.7621340126482485
}