{
  "changepoint_prior_scale": 0.09048998958567034,
  "holidays_prior_scale": 2.5978332819605097,
  "seasonality_mode": "multiplicative",
  "seasonality_prior_scale": 8.0614523683953
}