{
  "changepoint_prior_scale": 0.009499532046412473,
  "holidays_prior_scale": 1.1565057424575924,
  "seasonality_mode": "multiplicative",
  "seasonality_prior_scale": 3.3257273631699595
}