{
  "changepoint_prior_scale": 0.011958050029018098,
  "holidays_prior_scale": 1.755913707807871,
  "seasonality_mode": "multiplicative",
  "seasonality_prior_scale": 1.9253997574610509
}