{
  "changepoint_prior_scale": 0.006244799830317505,
  "holidays_prior_scale": 1.3009224708526623,
  "seasonality_mode": "multiplicative",
  "seasonality_prior_scale": 1.6128638864478573
}