{
  "changepoint_prior_scale": 0.19974966345518197,
  "holidays_prior_scale": 26.183260015631415,
  "seasonality_mode": "multiplicative",
  "seasonality_prior_scale": 5.351742892034745
}