{
  "changepoint_prior_scale": 0.015293701175373941,
  "holidays_prior_scale": 17.294667707153256,
  "seasonality_mode": "additive",
  "seasonality_prior_scale": 2.52694747170496
}