{
  "changepoint_prior_scale": 0.4067593919359007,
  "holidays_prior_scale": 2.485946013525978,
  "seasonality_mode": "multiplicative",
  "seasonality_prior_scale": 4.167873315617808
}