{
  "changepoint_prior_scale": 0.005293599727224866,
  "holidays_prior_scale": 8.250316455296044,
  "seasonality_mode": "multiplicative",
  "seasonality_prior_scale": 1.25467147117369
}