{
  "changepoint_prior_scale": 0.015317823603158195,
  "holidays_prior_scale": 3.453168919983778,
  "seasonality_mode": "multiplicative",
  "seasonality_prior_scale": 17.95875426734348
}