{
  "changepoint_prior_scale": 0.008424817945124473,
  "holidays_prior_scale": 4.289609093467652,
  "seasonality_mode": "additive",
  "seasonality_prior_scale": 41.43566269725241
}