{
  "changepoint_prior_scale": 0.0020060770561697297,
  "holidays_prior_scale": 8.435556300613792,
  "seasonality_mode": "multiplicative",
  "seasonality_prior_scale": 22.396281290385172
}