{
  "changepoint_prior_scale": 0.009299314263407526,
  "holidays_prior_scale": 5.539709614941655,
  "seasonality_mode": "multiplicative",
  "seasonality_prior_scale": 2.0133336158495254
}