{
  "changepoint_prior_scale": 0.009436579849641755,
  "holidays_prior_scale": 2.4561206990893667,
  "seasonality_mode": "multiplicative",
  "seasonality_prior_scale": 4.01203292390404
}