{
  "changepoint_prior_scale": 0.016807842299703175,
  "holidays_prior_scale": 8.58569220506201,
  "seasonality_mode": "additive",
  "seasonality_prior_scale": 8.871459354339432
}