{
  "changepoint_prior_scale": 0.012795228365014729,
  "holidays_prior_scale": 1.331467368543083,
  "seasonality_mode": "multiplicative",
  "seasonality_prior_scale": 2.1265183053773153
}