{
  "changepoint_prior_scale": 0.009734608660890477,
  "holidays_prior_scale": 1.3879540992625043,
  "seasonality_mode": "multiplicative",
  "seasonality_prior_scale": 3.7600395598174203
}