{
  "changepoint_prior_scale": 0.01017563652133738,
  "holidays_prior_scale": 3.105375463100065,
  "seasonality_mode": "multiplicative",
  "seasonality_prior_scale": 1.247221776178078
}