{
  "changepoint_prior_scale": 0.006768813310750619,
  "holidays_prior_scale": 40.84666964432861,
  "seasonality_mode": "additive",
  "seasonality_prior_scale": 13.631198064902298
}