{
  "changepoint_prior_scale": 0.4892644149236607,
  "holidays_prior_scale": 3.8748244580315734,
  "seasonality_mode": "multiplicative",
  "seasonality_prior_scale": 17.773306454122384
}