{
  "changepoint_prior_scale": 0.00869484431106848,
  "holidays_prior_scale": 3.8823038379023678,
  "seasonality_mode": "additive",
  "seasonality_prior_scale": 2.47649929059756
}