{
  "changepoint_prior_scale": 0.007374661561027892,
  "holidays_prior_scale": 1.0025097803750218,
  "seasonality_mode": "multiplicative",
  "seasonality_prior_scale": 1.7200279217314842
}