{
  "changepoint_prior_scale": 0.018714548275613828,
  "holidays_prior_scale": 1.003997117955484,
  "seasonality_mode": "multiplicative",
  "seasonality_prior_scale": 3.2420319171417944
}