{
  "changepoint_prior_scale": 0.011115831220749542,
  "holidays_prior_scale": 1.103097165306735,
  "seasonality_mode": "multiplicative",
  "seasonality_prior_scale": 2.7005185195375088
}