{
  "changepoint_prior_scale": 0.44599531040940205,
  "holidays_prior_scale": 3.696338273901153,
  "seasonality_mode": "multiplicative",
  "seasonality_prior_scale": 27.733755995587305
}