{
  "changepoint_prior_scale": 0.047769055382363895,
  "holidays_prior_scale": 4.2799529870831625,
  "seasonality_mode": "additive",
  "seasonality_prior_scale": 13.267642117171262
}