{
  "changepoint_prior_scale": 0.011664101364524742,
  "holidays_prior_scale": 1.0958306718674553,
  "seasonality_mode": "multiplicative",
  "seasonality_prior_scale": 5.112335565116027
}