{
  "changepoint_prior_scale": 0.0520824625545744,
  "holidays_prior_scale": 1.2358527761887135,
  "seasonality_mode": "additive",
  "seasonality_prior_scale": 1.3884123013853173
}