{
  "changepoint_prior_scale": 0.002069669597564126,
  "holidays_prior_scale": 22.519821837624416,
  "seasonality_mode": "additive",
  "seasonality_prior_scale": 3.1288821928150443
}