{
  "changepoint_prior_scale": 0.013837927769601287,
  "holidays_prior_scale": 2.3754772932667776,
  "seasonality_mode": "additive",
  "seasonality_prior_scale": 4.115302006727109
}