{
  "changepoint_prior_scale": 0.00815382243385472,
  "holidays_prior_scale": 17.19534486044218,
  "seasonality_mode": "multiplicative",
  "seasonality_prior_scale": 3.256463374581522
}