{
  "changepoint_prior_scale": 0.011106422427303659,
  "holidays_prior_scale": 1.2029450577973535,
  "seasonality_mode": "multiplicative",
  "seasonality_prior_scale": 1.5129657013093691
}