{
  "changepoint_prior_scale": 0.03230315569964276,
  "holidays_prior_scale": 1.1005283051539674,
  "seasonality_mode": "multiplicative",
  "seasonality_prior_scale": 19.13480259155496
}