{
  "changepoint_prior_scale": 0.02151915544042255,
  "holidays_prior_scale": 8.665825855374344,
  "seasonality_mode": "multiplicative",
  "seasonality_prior_scale": 3.1375400432047713
}