{
  "changepoint_prior_scale": 0.07087686358201431,
  "holidays_prior_scale": 2.2682871123908197,
  "seasonality_mode": "multiplicative",
  "seasonality_prior_scale": 14.817417411550222
}