{
  "changepoint_prior_scale": 0.014562395037042382,
  "holidays_prior_scale": 2.2984215215146055,
  "seasonality_mode": "multiplicative",
  "seasonality_prior_scale": 2.969587616629795
}