{
  "changepoint_prior_scale": 0.07980489134240107,
  "holidays_prior_scale": 5.536365215900756,
  "seasonality_mode": "additive",
  "seasonality_prior_scale": 35.4134401681063
}