{
  "changepoint_prior_scale": 0.02315779997883361,
  "holidays_prior_scale": 1.130931372977621,
  "seasonality_mode": "additive",
  "seasonality_prior_scale": 2.8879842570446623
}