{
  "changepoint_prior_scale": 0.01526812129067799,
  "holidays_prior_scale": 39.300340442289595,
  "seasonality_mode": "additive",
  "seasonality_prior_scale": 13.432317733902218
}