{
  "changepoint_prior_scale": 0.0800494430127276,
  "holidays_prior_scale": 7.816733060916928,
  "seasonality_mode": "additive",
  "seasonality_prior_scale": 6.787263506244944
}