{
  "changepoint_prior_scale": 0.007800970133819222,
  "holidays_prior_scale": 1.4631893627906025,
  "seasonality_mode": "multiplicative",
  "seasonality_prior_scale": 1.996445846036124
}