{
  "changepoint_prior_scale": 0.016100315678889837,
  "holidays_prior_scale": 6.650763097164929,
  "seasonality_mode": "multiplicative",
  "seasonality_prior_scale": 2.3079174043250315
}