{
  "changepoint_prior_scale": 0.2576153855830788,
  "holidays_prior_scale": 1.7557361323312621,
  "seasonality_mode": "additive",
  "seasonality_prior_scale": 9.082920397926683
}