{
  "changepoint_prior_scale": 0.016729739551538964,
  "holidays_prior_scale": 3.1124794510396456,
  "seasonality_mode": "multiplicative",
  "seasonality_prior_scale": 2.9679904112825257
}