{
  "changepoint_prior_scale": 0.048350578562507254,
  "holidays_prior_scale": 3.089137965479655,
  "seasonality_mode": "additive",
  "seasonality_prior_scale": 31.45745153930173
}