{
  "changepoint_prior_scale": 0.0023183043517011562,
  "holidays_prior_scale": 4.326532047404273,
  "seasonality_mode": "multiplicative",
  "seasonality_prior_scale": 14.466816762730385
}