{
  "changepoint_prior_scale": 0.026863869367886324,
  "holidays_prior_scale": 42.186038807104126,
  "seasonality_mode": "multiplicative",
  "seasonality_prior_scale": 21.397613777907527
}