{
  "changepoint_prior_scale": 0.042705866694566094,
  "holidays_prior_scale": 25.190139342006397,
  "seasonality_mode": "multiplicative",
  "seasonality_prior_scale": 44.42107271769579
}