{
  "changepoint_prior_scale": 0.0374354037066446,
  "holidays_prior_scale": 1.7238205967303448,
  "seasonality_mode": "multiplicative",
  "seasonality_prior_scale": 1.7259409648981452
}