{
  "changepoint_prior_scale": 0.2247685071703839,
  "holidays_prior_scale": 2.58846903016275,
  "seasonality_mode": "multiplicative",
  "seasonality_prior_scale": 5.781365440770723
}