{
  "changepoint_prior_scale": 0.07558118941757345,
  "holidays_prior_scale": 1.642973563359082,
  "seasonality_mode": "multiplicative",
  "seasonality_prior_scale": 20.83634679871849
}