{
  "changepoint_prior_scale": 0.006848279451031797,
  "holidays_prior_scale": 2.155074216903497,
  "seasonality_mode": "multiplicative",
  "seasonality_prior_scale": 2.473148336235257
}