{
  "changepoint_prior_scale": 0.01084889881037033,
  "holidays_prior_scale": 1.9164063441408754,
  "seasonality_mode": "additive",
  "seasonality_prior_scale": 28.53935606059593
}