{
  "changepoint_prior_scale": 0.017072182031295447,
  "holidays_prior_scale": 1.6542906769192385,
  "seasonality_mode": "additive",
  "seasonality_prior_scale": 34.78517493285585
}