{
  "changepoint_prior_scale": 0.4323399972321767,
  "holidays_prior_scale": 3.364220148139666,
  "seasonality_mode": "multiplicative",
  "seasonality_prior_scale": 2.4119577656109805
}