{
  "changepoint_prior_scale": 0.0016426572577031742,
  "holidays_prior_scale": 17.8641766418457,
  "seasonality_mode": "additive",
  "seasonality_prior_scale": 22.03143239763838
}