{
  "changepoint_prior_scale": 0.0011859587581602197,
  "holidays_prior_scale": 13.0271484694562,
  "seasonality_mode": "additive",
  "seasonality_prior_scale": 4.928975627244383
}