{
  "changepoint_prior_scale": 0.010491949995186732,
  "holidays_prior_scale": 2.750812799557438,
  "seasonality_mode": "multiplicative",
  "seasonality_prior_scale": 3.1317934542308694
}