{
  "changepoint_prior_scale": 0.0050096364578661725,
  "holidays_prior_scale": 1.5098550809249927,
  "seasonality_mode": "additive",
  "seasonality_prior_scale": 11.816629631512471
}