{
  "changepoint_prior_scale": 0.05678100589578489,
  "holidays_prior_scale": 8.847912546977064,
  "seasonality_mode": "multiplicative",
  "seasonality_prior_scale": 1.68539922297196
}