{
  "changepoint_prior_scale": 0.016716492929364203,
  "holidays_prior_scale": 1.236069218599828,
  "seasonality_mode": "multiplicative",
  "seasonality_prior_scale": 2.7252029525042114
}