{
  "changepoint_prior_scale": 0.04413920025847127,
  "holidays_prior_scale": 33.03486314559352,
  "seasonality_mode": "additive",
  "seasonality_prior_scale": 28.853656206561507
}