{
  "changepoint_prior_scale": 0.15789961704467004,
  "holidays_prior_scale": 2.033560004421488,
  "seasonality_mode": "multiplicative",
  "seasonality_prior_scale": 3.459853637049224
}