{
  "changepoint_prior_scale": 0.002874367968146943,
  "holidays_prior_scale": 9.325503057999608,
  "seasonality_mode": "additive",
  "seasonality_prior_scale": 9.743021501691464
}