{
  "changepoint_prior_scale": 0.007983667512966435,
  "holidays_prior_scale": 1.002166479840478,
  "seasonality_mode": "multiplicative",
  "seasonality_prior_scale": 1.475268985150162
}