{
  "changepoint_prior_scale": 0.013628345107480849,
  "holidays_prior_scale": 2.623710685721184,
  "seasonality_mode": "additive",
  "seasonality_prior_scale": 37.73033947996408
}