{
  "changepoint_prior_scale": 0.01296587301583095,
  "holidays_prior_scale": 1.7395329925057,
  "seasonality_mode": "multiplicative",
  "seasonality_prior_scale": 1.4048071788496506
}