{
  "changepoint_prior_scale": 0.012771407331352486,
  "holidays_prior_scale": 1.6599257486780508,
  "seasonality_mode": "multiplicative",
  "seasonality_prior_scale": 2.560645682228599
}