{
  "changepoint_prior_scale": 0.03130604713821889,
  "holidays_prior_scale": 1.5885696998925916,
  "seasonality_mode": "additive",
  "seasonality_prior_scale": 27.340186677344427
}