{
  "changepoint_prior_scale": 0.0026946555799521373,
  "holidays_prior_scale": 1.084475064463459,
  "seasonality_mode": "additive",
  "seasonality_prior_scale": 1.5706185704908362
}