{
  "changepoint_prior_scale": 0.003926333985201803,
  "holidays_prior_scale": 1.646392464051859,
  "seasonality_mode": "multiplicative",
  "seasonality_prior_scale": 7.948280831531606
}