{
  "changepoint_prior_scale": 0.017123795889047506,
  "holidays_prior_scale": 1.088153153055893,
  "seasonality_mode": "multiplicative",
  "seasonality_prior_scale": 36.77528271781042
}