{
  "changepoint_prior_scale": 0.07300869615363258,
  "holidays_prior_scale": 8.467476418342853,
  "seasonality_mode": "multiplicative",
  "seasonality_prior_scale": 8.719342707057567
}