{
  "changepoint_prior_scale": 0.07472234481730654,
  "holidays_prior_scale": 12.698746177525887,
  "seasonality_mode": "multiplicative",
  "seasonality_prior_scale": 1.249039706006971
}