{
  "changepoint_prior_scale": 0.019847016494985326,
  "holidays_prior_scale": 1.6913998255224028,
  "seasonality_mode": "multiplicative",
  "seasonality_prior_scale": 1.8472499978669157
}