{
  "changepoint_prior_scale": 0.18883963035987225,
  "holidays_prior_scale": 3.7821866832802136,
  "seasonality_mode": "multiplicative",
  "seasonality_prior_scale": 27.618157052021576
}