{
  "changepoint_prior_scale": 0.01344708675936721,
  "holidays_prior_scale": 9.604218352667685,
  "seasonality_mode": "multiplicative",
  "seasonality_prior_scale": 31.040115864102987
}