{
  "changepoint_prior_scale": 0.057344295660462515,
  "holidays_prior_scale": 7.658634500700343,
  "seasonality_mode": "multiplicative",
  "seasonality_prior_scale": 42.1962160304078
}