{
  "changepoint_prior_scale": 0.028243877931914872,
  "holidays_prior_scale": 12.935623989433473,
  "seasonality_mode": "multiplicative",
  "seasonality_prior_scale": 1.1113847279457532
}