{
  "changepoint_prior_scale": 0.05437358311167264,
  "holidays_prior_scale": 16.261238094953526,
  "seasonality_mode": "additive",
  "seasonality_prior_scale": 1.068960605456282
}