{
  "changepoint_prior_scale": 0.07486523988124259,
  "holidays_prior_scale": 1.4851561092146328,
  "seasonality_mode": "multiplicative",
  "seasonality_prior_scale": 19.618730723667525
}