{
  "changepoint_prior_scale": 0.002988697641386669,
  "holidays_prior_scale": 6.138163293668806,
  "seasonality_mode": "multiplicative",
  "seasonality_prior_scale": 3.6039502381281157
}