{
  "changepoint_prior_scale": 0.07981563062711197,
  "holidays_prior_scale": 13.104266238870972,
  "seasonality_mode": "multiplicative",
  "seasonality_prior_scale": 47.042035892939
}