{
  "changepoint_prior_scale": 0.29779314874337365,
  "holidays_prior_scale": 49.246306908054045,
  "seasonality_mode": "additive",
  "seasonality_prior_scale": 2.256072806354337
}