{
  "changepoint_prior_scale": 0.002873028382682889,
  "holidays_prior_scale": 37.84118164810414,
  "seasonality_mode": "multiplicative",
  "seasonality_prior_scale": 2.7555908587672406
}