{
  "changepoint_prior_scale": 0.00864418836323904,
  "holidays_prior_scale": 1.0299129844003108,
  "seasonality_mode": "multiplicative",
  "seasonality_prior_scale": 1.3454175119211222
}