{
  "changepoint_prior_scale": 0.0018171455907395049,
  "holidays_prior_scale": 35.50765845094164,
  "seasonality_mode": "multiplicative",
  "seasonality_prior_scale": 28.024201834965016
}