{
  "changepoint_prior_scale": 0.030198431979026507,
  "holidays_prior_scale": 5.714787710669721,
  "seasonality_mode": "multiplicative",
  "seasonality_prior_scale": 3.5423197278274903
}