{
  "changepoint_prior_scale": 0.03492901692143426,
  "holidays_prior_scale": 2.891945963304343,
  "seasonality_mode": "multiplicative",
  "seasonality_prior_scale": 2.2747357501900884
}