{
  "changepoint_prior_scale": 0.11315705452413025,
  "holidays_prior_scale": 1.7584112141274115,
  "seasonality_mode": "multiplicative",
  "seasonality_prior_scale": 35.42917438445533
}