{
  "changepoint_prior_scale": 0.009599344528794775,
  "holidays_prior_scale": 1.0071514793357776,
  "seasonality_mode": "multiplicative",
  "seasonality_prior_scale": 4.177401488247502
}