{
  "changepoint_prior_scale": 0.01695538926143903,
  "holidays_prior_scale": 1.8624734559127583,
  "seasonality_mode": "multiplicative",
  "seasonality_prior_scale": 25.996734589093688
}