{
  "changepoint_prior_scale": 0.009955958003003371,
  "holidays_prior_scale": 2.501387155802743,
  "seasonality_mode": "multiplicative",
  "seasonality_prior_scale": 3.5708884869630424
}