{
  "changepoint_prior_scale": 0.00970020862519891,
  "holidays_prior_scale": 1.5660247319222287,
  "seasonality_mode": "multiplicative",
  "seasonality_prior_scale": 2.7741170103393893
}