{
  "changepoint_prior_scale": 0.0069584020162833556,
  "holidays_prior_scale": 19.20854758030475,
  "seasonality_mode": "multiplicative",
  "seasonality_prior_scale": 6.808072202389612
}