{
  "changepoint_prior_scale": 0.0025372384100083864,
  "holidays_prior_scale": 9.727187027673539,
  "seasonality_mode": "multiplicative",
  "seasonality_prior_scale": 7.696345937296912
}