{
  "changepoint_prior_scale": 0.05349484531241628,
  "holidays_prior_scale": 21.1662526962287,
  "seasonality_mode": "multiplicative",
  "seasonality_prior_scale": 2.2279632696545337
}