{
  "changepoint_prior_scale": 0.16049995206268589,
  "holidays_prior_scale": 23.737183525765094,
  "seasonality_mode": "multiplicative",
  "seasonality_prior_scale": 2.109842925994704
}