{
  "changepoint_prior_scale": 0.04845941236526186,
  "holidays_prior_scale": 19.316681197938987,
  "seasonality_mode": "additive",
  "seasonality_prior_scale": 15.351401940704145
}