{
  "changepoint_prior_scale": 0.010626596021574817,
  "holidays_prior_scale": 1.1309888684576967,
  "seasonality_mode": "multiplicative",
  "seasonality_prior_scale": 11.279784782202432
}