{
  "changepoint_prior_scale": 0.002924241312495643,
  "holidays_prior_scale": 14.714732175909418,
  "seasonality_mode": "multiplicative",
  "seasonality_prior_scale": 12.479906151440058
}