{
  "changepoint_prior_scale": 0.2709097871523629,
  "holidays_prior_scale": 23.06479086850063,
  "seasonality_mode": "multiplicative",
  "seasonality_prior_scale": 10.399367420138956
}