{
  "changepoint_prior_scale": 0.025269295695161825,
  "holidays_prior_scale": 1.0266720248957941,
  "seasonality_mode": "multiplicative",
  "seasonality_prior_scale": 1.4719575161507779
}