{
  "changepoint_prior_scale": 0.04709724282841003,
  "holidays_prior_scale": 10.097544493256068,
  "seasonality_mode": "additive",
  "seasonality_prior_scale": 4.877339995700497
}