{
  "changepoint_prior_scale": 0.012249041254378366,
  "holidays_prior_scale": 1.5189358456051307,
  "seasonality_mode": "multiplicative",
  "seasonality_prior_scale": 10.030234170569306
}