{
  "changepoint_prior_scale": 0.012353548331432675,
  "holidays_prior_scale": 2.967849230162145,
  "seasonality_mode": "additive",
  "seasonality_prior_scale": 26.691575242903518
}