{
  "changepoint_prior_scale": 0.0019278541525039928,
  "holidays_prior_scale": 7.652850427317332,
  "seasonality_mode": "multiplicative",
  "seasonality_prior_scale": 13.02740863361577
}