{
  "changepoint_prior_scale": 0.02733011720026359,
  "holidays_prior_scale": 35.039813851749074,
  "seasonality_mode": "multiplicative",
  "seasonality_prior_scale": 17.298799802487363
}