{
  "changepoint_prior_scale": 0.026070702751293355,
  "holidays_prior_scale": 1.367193622936562,
  "seasonality_mode": "additive",
  "seasonality_prior_scale": 24.1302432035491
}