{
  "changepoint_prior_scale": 0.004432556650893301,
  "holidays_prior_scale": 14.26875509411134,
  "seasonality_mode": "multiplicative",
  "seasonality_prior_scale": 41.49254024945067
}