{
  "changepoint_prior_scale": 0.09659067048557884,
  "holidays_prior_scale": 1.3270749039633702,
  "seasonality_mode": "additive",
  "seasonality_prior_scale": 19.55715174978078
}