{
  "changepoint_prior_scale": 0.04298969473157251,
  "holidays_prior_scale": 4.4898534673785315,
  "seasonality_mode": "multiplicative",
  "seasonality_prior_scale": 5.530534231254411
}