{
  "changepoint_prior_scale": 0.4114863429869896,
  "holidays_prior_scale": 41.2252181669838,
  "seasonality_mode": "additive",
  "seasonality_prior_scale": 5.060118919084943
}