{
  "changepoint_prior_scale": 0.005874951807833205,
  "holidays_prior_scale": 1.0485690076012137,
  "seasonality_mode": "multiplicative",
  "seasonality_prior_scale": 6.212810371820855
}