{
  "changepoint_prior_scale": 0.267918744591918,
  "holidays_prior_scale": 4.6167750499666695,
  "seasonality_mode": "additive",
  "seasonality_prior_scale": 2.578931994465269
}