{
  "changepoint_prior_scale": 0.15515833947251328,
  "holidays_prior_scale": 3.953865047742016,
  "seasonality_mode": "multiplicative",
  "seasonality_prior_scale": 11.28279037258865
}