{
  "changepoint_prior_scale": 0.005096716635726471,
  "holidays_prior_scale": 2.234169810962243,
  "seasonality_mode": "additive",
  "seasonality_prior_scale": 2.7129687367838575
}