{
  "changepoint_prior_scale": 0.3750692868740886,
  "holidays_prior_scale": 1.7321913827705735,
  "seasonality_mode": "multiplicative",
  "seasonality_prior_scale": 23.750653750387816
}