{
  "changepoint_prior_scale": 0.10332329154227783,
  "holidays_prior_scale": 5.07768651285532,
  "seasonality_mode": "multiplicative",
  "seasonality_prior_scale": 10.532074218303377
}