{
  "changepoint_prior_scale": 0.002867136202283519,
  "holidays_prior_scale": 4.884971511809975,
  "seasonality_mode": "additive",
  "seasonality_prior_scale": 21.551004640166592
}