{
  "changepoint_prior_scale": 0.019078732169151392,
  "holidays_prior_scale": 1.0509282636504376,
  "seasonality_mode": "additive",
  "seasonality_prior_scale": 2.668138116386834
}