{
  "changepoint_prior_scale": 0.12892009627970807,
  "holidays_prior_scale": 4.547839978331825,
  "seasonality_mode": "multiplicative",
  "seasonality_prior_scale": 4.747860659106169
}