{
  "changepoint_prior_scale": 0.35089769763746925,
  "holidays_prior_scale": 3.0088935105294485,
  "seasonality_mode": "multiplicative",
  "seasonality_prior_scale": 6.828933401996467
}