{
  "changepoint_prior_scale": 0.0051608198767331085,
  "holidays_prior_scale": 2.1926534054377647,
  "seasonality_mode": "additive",
  "seasonality_prior_scale": 34.69001324314783
}