{
  "changepoint_prior_scale": 0.0021911480633032545,
  "holidays_prior_scale": 5.654730884034787,
  "seasonality_mode": "additive",
  "seasonality_prior_scale": 9.213420083368272
}