{
  "changepoint_prior_scale": 0.37024828224800554,
  "holidays_prior_scale": 2.6543481132849496,
  "seasonality_mode": "multiplicative",
  "seasonality_prior_scale": 1.0370482879670335
}