{
  "changepoint_prior_scale": 0.015178524978167948,
  "holidays_prior_scale": 1.074620510681075,
  "seasonality_mode": "additive",
  "seasonality_prior_scale": 28.130789109318172
}