{
  "changepoint_prior_scale": 0.020037117559508155,
  "holidays_prior_scale": 1.7732341582258278,
  "seasonality_mode": "additive",
  "seasonality_prior_scale": 3.375814864571515
}