{
  "changepoint_prior_scale": 0.0030008646383211162,
  "holidays_prior_scale": 5.047902731892516,
  "seasonality_mode": "multiplicative",
  "seasonality_prior_scale": 25.835596238284822
}