{
  "changepoint_prior_scale": 0.09092304475119542,
  "holidays_prior_scale": 30.403279509258997,
  "seasonality_mode": "additive",
  "seasonality_prior_scale": 6.963146722812861
}