{
  "changepoint_prior_scale": 0.008537643003452463,
  "holidays_prior_scale": 6.824296064570271,
  "seasonality_mode": "additive",
  "seasonality_prior_scale": 4.240850485572544
}