{
  "changepoint_prior_scale": 0.005075902881065939,
  "holidays_prior_scale": 4.237308766609903,
  "seasonality_mode": "multiplicative",
  "seasonality_prior_scale": 4.630793293582036
}