{
  "changepoint_prior_scale": 0.11345213941240849,
  "holidays_prior_scale": 4.659731604736831,
  "seasonality_mode": "multiplicative",
  "seasonality_prior_scale": 17.744415289734583
}