{
  "changepoint_prior_scale": 0.028666898363855473,
  "holidays_prior_scale": 7.33992233527637,
  "seasonality_mode": "multiplicative",
  "seasonality_prior_scale": 1.5242416680495576
}