{
  "changepoint_prior_scale": 0.006841524626409511,
  "holidays_prior_scale": 1.3159889042975634,
  "seasonality_mode": "multiplicative",
  "seasonality_prior_scale": 20.916150505783822
}