{
  "changepoint_prior_scale": 0.012401429345732145,
  "holidays_prior_scale": 5.5391218468356636,
  "seasonality_mode": "multiplicative",
  "seasonality_prior_scale": 4.540259231710244
}