{
  "changepoint_prior_scale": 0.08522896525897426,
  "holidays_prior_scale": 12.036920531096017,
  "seasonality_mode": "multiplicative",
  "seasonality_prior_scale": 3.5904036227893243
}