{
  "changepoint_prior_scale": 0.01271297808142078,
  "holidays_prior_scale": 1.3914371198267799,
  "seasonality_mode": "multiplicative",
  "seasonality_prior_scale": 3.317472098622336
}