{
  "changepoint_prior_scale": 0.002103918136334134,
  "holidays_prior_scale": 9.124951773154912,
  "seasonality_mode": "additive",
  "seasonality_prior_scale": 2.272532534509913
}