{
  "changepoint_prior_scale": 0.002412935030680975,
  "holidays_prior_scale": 40.293688944217216,
  "seasonality_mode": "additive",
  "seasonality_prior_scale": 6.556192269100038
}