{
  "changepoint_prior_scale": 0.012080968545198046,
  "holidays_prior_scale": 2.5193436573237546,
  "seasonality_mode": "multiplicative",
  "seasonality_prior_scale": 3.7610102316885787
}