{
  "changepoint_prior_scale": 0.10449300809391149,
  "holidays_prior_scale": 29.714065111423764,
  "seasonality_mode": "multiplicative",
  "seasonality_prior_scale": 1.1702744580338382
}