{
  "changepoint_prior_scale": 0.007866351104691133,
  "holidays_prior_scale": 48.97749156062354,
  "seasonality_mode": "multiplicative",
  "seasonality_prior_scale": 2.2050045778766942
}