{
  "changepoint_prior_scale": 0.008026272750593044,
  "holidays_prior_scale": 3.1567105180627175,
  "seasonality_mode": "additive",
  "seasonality_prior_scale": 31.020529592267803
}