{
  "changepoint_prior_scale": 0.18194480818988723,
  "holidays_prior_scale": 15.21932445512239,
  "seasonality_mode": "additive",
  "seasonality_prior_scale": 11.084715278023124
}