{
  "changepoint_prior_scale": 0.012363339587034183,
  "holidays_prior_scale": 2.99308394338422,
  "seasonality_mode": "multiplicative",
  "seasonality_prior_scale": 4.405208652088437
}