{
  "changepoint_prior_scale": 0.013298470587931514,
  "holidays_prior_scale": 10.73781382212846,
  "seasonality_mode": "multiplicative",
  "seasonality_prior_scale": 1.6385856818239286
}