{
  "changepoint_prior_scale": 0.02986881762063084,
  "holidays_prior_scale": 7.398415940428484,
  "seasonality_mode": "multiplicative",
  "seasonality_prior_scale": 4.719740263921009
}