{
  "changepoint_prior_scale": 0.015001585215766382,
  "holidays_prior_scale": 2.5698747537231217,
  "seasonality_mode": "additive",
  "seasonality_prior_scale": 11.585795805846894
}