{
  "changepoint_prior_scale": 0.0276549948039093,
  "holidays_prior_scale": 7.685017074391792,
  "seasonality_mode": "multiplicative",
  "seasonality_prior_scale": 17.7406359093259
}