{
  "changepoint_prior_scale": 0.00918559228104554,
  "holidays_prior_scale": 5.460625905450223,
  "seasonality_mode": "multiplicative",
  "seasonality_prior_scale": 4.707223610458629
}