{
  "changepoint_prior_scale": 0.012167561062240064,
  "holidays_prior_scale": 37.58290094630413,
  "seasonality_mode": "multiplicative",
  "seasonality_prior_scale": 43.06496796283482
}