{
  "changepoint_prior_scale": 0.11625864754400932,
  "holidays_prior_scale": 8.19178364980461,
  "seasonality_mode": "additive",
  "seasonality_prior_scale": 1.0472938922157446
}