{
  "changepoint_prior_scale": 0.009613082840103742,
  "holidays_prior_scale": 1.8451687105663772,
  "seasonality_mode": "multiplicative",
  "seasonality_prior_scale": 3.5963787106562894
}