{
  "changepoint_prior_scale": 0.008839667088678907,
  "holidays_prior_scale": 7.222781380036949,
  "seasonality_mode": "multiplicative",
  "seasonality_prior_scale": 18.39688832510789
}