{
  "changepoint_prior_scale": 0.015565893597404339,
  "holidays_prior_scale": 7.681022679676301,
  "seasonality_mode": "additive",
  "seasonality_prior_scale": 1.7092754885047825
}