{
  "changepoint_prior_scale": 0.02410733305026113,
  "holidays_prior_scale": 21.5524185835799,
  "seasonality_mode": "multiplicative",
  "seasonality_prior_scale": 12.42879199373379
}