{
  "changepoint_prior_scale": 0.026586631969773955,
  "holidays_prior_scale": 8.482506967265167,
  "seasonality_mode": "multiplicative",
  "seasonality_prior_scale": 2.9927208884698624
}