{
  "changepoint_prior_scale": 0.041190259148871484,
  "holidays_prior_scale": 8.610091005245431,
  "seasonality_mode": "multiplicative",
  "seasonality_prior_scale": 34.92302853024205
}