{
  "changepoint_prior_scale": 0.010748693337729643,
  "holidays_prior_scale": 2.9641075165548934,
  "seasonality_mode": "multiplicative",
  "seasonality_prior_scale": 2.07893728880638
}