{
  "changepoint_prior_scale": 0.007241145977050271,
  "holidays_prior_scale": 4.607424711817801,
  "seasonality_mode": "multiplicative",
  "seasonality_prior_scale": 7.623083594504595
}