{
  "changepoint_prior_scale": 0.001509482217323503,
  "holidays_prior_scale": 1.019422492601044,
  "seasonality_mode": "multiplicative",
  "seasonality_prior_scale": 2.917618156676027
}