{
  "changepoint_prior_scale": 0.02708602359407386,
  "holidays_prior_scale": 1.4983923529001528,
  "seasonality_mode": "additive",
  "seasonality_prior_scale": 7.27621311752504
}