{
  "changepoint_prior_scale": 0.011181729336963445,
  "holidays_prior_scale": 2.145403061831112,
  "seasonality_mode": "multiplicative",
  "seasonality_prior_scale": 2.854981173536765
}