{
  "changepoint_prior_scale": 0.02129064932637306,
  "holidays_prior_scale": 14.000314426755276,
  "seasonality_mode": "additive",
  "seasonality_prior_scale": 1.5187905988027837
}