{
  "changepoint_prior_scale": 0.0012186152633089943,
  "holidays_prior_scale": 11.936047091621763,
  "seasonality_mode": "additive",
  "seasonality_prior_scale": 10.498476740244666
}