{
  "changepoint_prior_scale": 0.06282788515926026,
  "holidays_prior_scale": 11.285051373615177,
  "seasonality_mode": "multiplicative",
  "seasonality_prior_scale": 9.10909989438671
}