{
  "changepoint_prior_scale": 0.0082177737779868,
  "holidays_prior_scale": 1.1259012125987848,
  "seasonality_mode": "multiplicative",
  "seasonality_prior_scale": 3.407748968618273
}