{
  "changepoint_prior_scale": 0.02443571330828099,
  "holidays_prior_scale": 1.5563605377941738,
  "seasonality_mode": "additive",
  "seasonality_prior_scale": 9.101969541660972
}