{
  "changepoint_prior_scale": 0.2432309428047436,
  "holidays_prior_scale": 5.249898662007498,
  "seasonality_mode": "multiplicative",
  "seasonality_prior_scale": 1.7318712220464412
}