{
  "changepoint_prior_scale": 0.03705372686795459,
  "holidays_prior_scale": 5.181809064840663,
  "seasonality_mode": "multiplicative",
  "seasonality_prior_scale": 5.287810114200598
}