{
  "changepoint_prior_scale": 0.009723570759058664,
  "holidays_prior_scale": 19.595767670082576,
  "seasonality_mode": "multiplicative",
  "seasonality_prior_scale": 11.242774892799789
}