{
  "changepoint_prior_scale": 0.014007530886369881,
  "holidays_prior_scale": 2.5216510164552544,
  "seasonality_mode": "multiplicative",
  "seasonality_prior_scale": 1.7772419813224678
}