{
  "changepoint_prior_scale": 0.009708419188932255,
  "holidays_prior_scale": 2.6346234473094863,
  "seasonality_mode": "multiplicative",
  "seasonality_prior_scale": 1.6532290989806846
}