{
  "changepoint_prior_scale": 0.014651174101657354,
  "holidays_prior_scale": 1.519813139912868,
  "seasonality_mode": "multiplicative",
  "seasonality_prior_scale": 2.7170260637310384
}