{
  "changepoint_prior_scale": 0.07677391312541594,
  "holidays_prior_scale": 8.614096147396756,
  "seasonality_mode": "additive",
  "seasonality_prior_scale": 2.22167611670588
}