{
  "changepoint_prior_scale": 0.008099312718871824,
  "holidays_prior_scale": 2.793400689986874,
  "seasonality_mode": "additive",
  "seasonality_prior_scale": 37.71878397841275
}