{
  "changepoint_prior_scale": 0.011547152174748918,
  "holidays_prior_scale": 20.3675971140349,
  "seasonality_mode": "multiplicative",
  "seasonality_prior_scale": 4.351446561628933
}