{
  "changepoint_prior_scale": 0.1912895151031319,
  "holidays_prior_scale": 6.070609830820941,
  "seasonality_mode": "multiplicative",
  "seasonality_prior_scale": 12.387402853746934
}