{
  "changepoint_prior_scale": 0.06713939920141601,
  "holidays_prior_scale": 3.4640396550647243,
  "seasonality_mode": "multiplicative",
  "seasonality_prior_scale": 13.404396614312796
}