{
  "changepoint_prior_scale": 0.021506441277377233,
  "holidays_prior_scale": 2.4717039681008144,
  "seasonality_mode": "additive",
  "seasonality_prior_scale": 30.708956736583733
}