{
  "changepoint_prior_scale": 0.034720575957336984,
  "holidays_prior_scale": 2.4236744886274497,
  "seasonality_mode": "multiplicative",
  "seasonality_prior_scale": 37.40140332407999
}