{
  "changepoint_prior_scale": 0.006835394155893939,
  "holidays_prior_scale": 1.8450469212306944,
  "seasonality_mode": "additive",
  "seasonality_prior_scale": 2.6416672064707227
}