{
  "changepoint_prior_scale": 0.0024861513138944484,
  "holidays_prior_scale": 10.393507388070411,
  "seasonality_mode": "multiplicative",
  "seasonality_prior_scale": 9.930391583964424
}