{
  "changepoint_prior_scale": 0.0187146457141296,
  "holidays_prior_scale": 1.1987566458763588,
  "seasonality_mode": "multiplicative",
  "seasonality_prior_scale": 1.1839362776918831
}