{
  "changepoint_prior_scale": 0.017220078840182125,
  "holidays_prior_scale": 1.4771724400954902,
  "seasonality_mode": "additive",
  "seasonality_prior_scale": 1.4240512911822554
}