{
  "changepoint_prior_scale": 0.004808658109172046,
  "holidays_prior_scale": 5.247163935322605,
  "seasonality_mode": "multiplicative",
  "seasonality_prior_scale": 13.095216263104938
}