{
  "changepoint_prior_scale": 0.009533364492297785,
  "holidays_prior_scale": 3.128161531858593,
  "seasonality_mode": "multiplicative",
  "seasonality_prior_scale": 4.300724039147151
}