{
  "changepoint_prior_scale": 0.0024776090532799867,
  "holidays_prior_scale": 3.426071792569768,
  "seasonality_mode": "multiplicative",
  "seasonality_prior_scale": 19.008640429905856
}