{
  "changepoint_prior_scale": 0.0045242786746094886,
  "holidays_prior_scale": 4.23065912296033,
  "seasonality_mode": "additive",
  "seasonality_prior_scale": 28.150992455002914
}