{
  "changepoint_prior_scale": 0.0012018110973605303,
  "holidays_prior_scale": 21.76474691561224,
  "seasonality_mode": "multiplicative",
  "seasonality_prior_scale": 12.685350349731118
}