{
  "changepoint_prior_scale": 0.01100375846061981,
  "holidays_prior_scale": 1.1600297886964626,
  "seasonality_mode": "multiplicative",
  "seasonality_prior_scale": 3.6888032832521036
}