{
  "changepoint_prior_scale": 0.00487807520488795,
  "holidays_prior_scale": 4.791098793507763,
  "seasonality_mode": "multiplicative",
  "seasonality_prior_scale": 19.372933652390845
}