{
  "changepoint_prior_scale": 0.005559686102100262,
  "holidays_prior_scale": 1.3529344776388752,
  "seasonality_mode": "additive",
  "seasonality_prior_scale": 12.859015252528398
}