{
  "changepoint_prior_scale": 0.002651500301374102,
  "holidays_prior_scale": 1.8862018778001906,
  "seasonality_mode": "additive",
  "seasonality_prior_scale": 4.881911695045107
}