{
  "changepoint_prior_scale": 0.0025796561430223757,
  "holidays_prior_scale": 17.199872229319613,
  "seasonality_mode": "additive",
  "seasonality_prior_scale": 15.740877108245186
}