{
  "changepoint_prior_scale": 0.05353599286805118,
  "holidays_prior_scale": 1.9837439587118164,
  "seasonality_mode": "multiplicative",
  "seasonality_prior_scale": 17.592927183821505
}