{
  "changepoint_prior_scale": 0.09400089693881115,
  "holidays_prior_scale": 17.43232905535413,
  "seasonality_mode": "multiplicative",
  "seasonality_prior_scale": 33.99448710345056
}