{
  "changepoint_prior_scale": 0.01532891434466562,
  "holidays_prior_scale": 5.69238300962652,
  "seasonality_mode": "additive",
  "seasonality_prior_scale": 16.23434320718684
}