{
  "changepoint_prior_scale": 0.007837159202962712,
  "holidays_prior_scale": 2.4259840115416895,
  "seasonality_mode": "multiplicative",
  "seasonality_prior_scale": 3.8446920065653423
}