{
  "changepoint_prior_scale": 0.003907666821062241,
  "holidays_prior_scale": 3.641954347880606,
  "seasonality_mode": "multiplicative",
  "seasonality_prior_scale": 4.500711706331949
}