{
  "changepoint_prior_scale": 0.011794017993186945,
  "holidays_prior_scale": 2.78136769132736,
  "seasonality_mode": "multiplicative",
  "seasonality_prior_scale": 3.2976597048673257
}