{
  "changepoint_prior_scale": 0.008290479307431443,
  "holidays_prior_scale": 1.001746720055624,
  "seasonality_mode": "multiplicative",
  "seasonality_prior_scale": 40.61540617571249
}