{
  "changepoint_prior_scale": 0.04917592843902545,
  "holidays_prior_scale": 1.4854753693835105,
  "seasonality_mode": "multiplicative",
  "seasonality_prior_scale": 48.23405473409652
}