{
  "changepoint_prior_scale": 0.01009299859509817,
  "holidays_prior_scale": 1.2626312972057607,
  "seasonality_mode": "multiplicative",
  "seasonality_prior_scale": 30.64216864970598
}