{
  "changepoint_prior_scale": 0.002209274795558023,
  "holidays_prior_scale": 27.93298538961278,
  "seasonality_mode": "additive",
  "seasonality_prior_scale": 18.3735103254074
}