{
  "changepoint_prior_scale": 0.001027185245309107,
  "holidays_prior_scale": 2.3153635508821475,
  "seasonality_mode": "additive",
  "seasonality_prior_scale": 10.735084981885786
}