{
  "changepoint_prior_scale": 0.0019399064400307036,
  "holidays_prior_scale": 5.671730446923487,
  "seasonality_mode": "additive",
  "seasonality_prior_scale": 1.678893201466894
}