{
  "changepoint_prior_scale": 0.04339198577757317,
  "holidays_prior_scale": 5.9252560501736316,
  "seasonality_mode": "multiplicative",
  "seasonality_prior_scale": 9.531204884120532
}