{
  "changepoint_prior_scale": 0.06243754750794932,
  "holidays_prior_scale": 1.1082957676531062,
  "seasonality_mode": "multiplicative",
  "seasonality_prior_scale": 12.677126680755748
}