{
  "changepoint_prior_scale": 0.009566826180224761,
  "holidays_prior_scale": 1.224913733581841,
  "seasonality_mode": "multiplicative",
  "seasonality_prior_scale": 1.9195860632570598
}