{
  "changepoint_prior_scale": 0.015130274294940366,
  "holidays_prior_scale": 3.270473897837576,
  "seasonality_mode": "multiplicative",
  "seasonality_prior_scale": 2.5056583617239645
}